站点号,乡镇,县/区,市,省,空气质量城市
101010100,,城区,北京,北京,true
101010200,,海淀,北京,北京,-
101010300,,朝阳,北京,北京,true
101010400,,顺义,北京,北京,-
101010500,,怀柔,北京,北京,-
101010600,,通州,北京,北京,-
101010700,,昌平,北京,北京,-
101010800,,延庆,北京,北京,-
101010900,,丰台,北京,北京,-
101011000,,石景山,北京,北京,-
101011100,,大兴,北京,北京,-
101011200,,房山,北京,北京,-
101011300,,密云,北京,北京,-
101011400,,门头沟,北京,北京,-
101011500,,平谷,北京,北京,-
101011600,,东城,北京,北京,-
101011700,,西城,北京,北京,-
101020100,,城区,上海,上海,true
101020200,,闵行,上海,上海,-
101020300,,宝山,上海,上海,-
101020400,,黄浦,上海,上海,-
101020500,,嘉定,上海,上海,-
101020600,,浦东新区,上海,上海,-
101020700,,金山,上海,上海,-
101020800,,青浦,上海,上海,-
101020900,,松江,上海,上海,-
101021000,,奉贤,上海,上海,-
101021100,,崇明,上海,上海,-
101021200,,徐汇,上海,上海,-
101021300,,长宁,上海,上海,-
101021400,,静安,上海,上海,-
101021500,,普陀,上海,上海,-
101021600,,虹口,上海,上海,-
101021700,,杨浦,上海,上海,-
101030100,,城区,天津,天津,true
101030200,,武清,天津,天津,-
101030300,,宝坻,天津,天津,-
101030400,,东丽,天津,天津,-
101030500,,西青,天津,天津,-
101030600,,北辰,天津,天津,-
101030700,,宁河,天津,天津,-
101030800,,和平,天津,天津,-
101030900,,静海,天津,天津,-
101031000,,津南,天津,天津,-
101031100,,滨海新区,天津,天津,-
101031200,,河东,天津,天津,-
101031300,,河西,天津,天津,-
101031400,,蓟州,天津,天津,-
101031500,,南开,天津,天津,-
101031600,,河北,天津,天津,-
101031700,,红桥,天津,天津,-
101040100,,城区,重庆,重庆,true
101040200,,永川,重庆,重庆,-
101040300,,合川,重庆,重庆,-
101040400,,南川,重庆,重庆,-
101040500,,江津,重庆,重庆,-
101040700,,渝北,重庆,重庆,-
101040800,,北碚,重庆,重庆,-
101040900,,巴南,重庆,重庆,-
101041000,,长寿,重庆,重庆,-
101041100,,黔江,重庆,重庆,-
101041200,,渝中,重庆,重庆,-
101041300,,万州,重庆,重庆,-
101041400,,涪陵,重庆,重庆,-
101041600,,城口,重庆,重庆,-
101041700,,云阳,重庆,重庆,-
101041800,,巫溪,重庆,重庆,-
101041900,,奉节,重庆,重庆,-
101042000,,巫山,重庆,重庆,-
101042100,,潼南,重庆,重庆,-
101042200,,垫江,重庆,重庆,-
101042300,,梁平,重庆,重庆,-
101042400,,忠县,重庆,重庆,-
101042500,,石柱,重庆,重庆,-
101042600,,大足,重庆,重庆,-
101042700,,荣昌,重庆,重庆,-
101042800,,铜梁,重庆,重庆,-
101042900,,璧山,重庆,重庆,-
101043000,,丰都,重庆,重庆,-
101043100,,武隆,重庆,重庆,-
101043200,,彭水,重庆,重庆,-
101043300,,綦江,重庆,重庆,-
101043400,,酉阳,重庆,重庆,-
101043500,,大渡口,重庆,重庆,-
101043600,,秀山,重庆,重庆,-
101043700,,江北,重庆,重庆,-
101043800,,沙坪坝,重庆,重庆,-
101043900,,九龙坡,重庆,重庆,-
101044000,,南岸,重庆,重庆,-
101044100,,开州,重庆,重庆,-
101050101,,城区,哈尔滨,黑龙江,true
101050102,,双城,哈尔滨,黑龙江,-
101050103,,呼兰,哈尔滨,黑龙江,-
101050104,,阿城,哈尔滨,黑龙江,-
101050105,,宾县,哈尔滨,黑龙江,-
101050106,,依兰,哈尔滨,黑龙江,-
101050107,,巴彦,哈尔滨,黑龙江,-
101050108,,通河,哈尔滨,黑龙江,-
101050109,,方正,哈尔滨,黑龙江,-
101050110,,延寿,哈尔滨,黑龙江,-
101050111,,尚志,哈尔滨,黑龙江,-
101050112,,五常,哈尔滨,黑龙江,-
101050113,,木兰,哈尔滨,黑龙江,-
101050114,,道里,哈尔滨,黑龙江,-
101050115,,南岗,哈尔滨,黑龙江,-
101050116,,道外,哈尔滨,黑龙江,-
101050117,,平房,哈尔滨,黑龙江,-
101050118,,松北,哈尔滨,黑龙江,-
101050119,,香坊,哈尔滨,黑龙江,-
101050201,,城区,齐齐哈尔,黑龙江,true
101050202,,讷河,齐齐哈尔,黑龙江,-
101050203,,龙江,齐齐哈尔,黑龙江,-
101050204,,甘南,齐齐哈尔,黑龙江,true
101050205,,富裕,齐齐哈尔,黑龙江,-
101050206,,依安,齐齐哈尔,黑龙江,-
101050207,,拜泉,齐齐哈尔,黑龙江,-
101050208,,克山,齐齐哈尔,黑龙江,-
101050209,,克东,齐齐哈尔,黑龙江,-
101050210,,泰来,齐齐哈尔,黑龙江,-
101050211,,龙沙,齐齐哈尔,黑龙江,-
101050212,,建华,齐齐哈尔,黑龙江,-
101050213,,铁锋,齐齐哈尔,黑龙江,-
101050214,,昂昂溪,齐齐哈尔,黑龙江,-
101050215,,富拉尔基,齐齐哈尔,黑龙江,-
101050216,,碾子山,齐齐哈尔,黑龙江,-
101050217,,梅里斯,齐齐哈尔,黑龙江,-
101050301,,城区,牡丹江,黑龙江,true
101050302,,海林,牡丹江,黑龙江,-
101050303,,穆棱,牡丹江,黑龙江,-
101050304,,林口,牡丹江,黑龙江,-
101050305,,绥芬河,牡丹江,黑龙江,-
101050306,,宁安,牡丹江,黑龙江,-
101050307,,东宁,牡丹江,黑龙江,-
101050308,,东安,牡丹江,黑龙江,-
101050309,,阳明,牡丹江,黑龙江,-
101050310,,爱民,牡丹江,黑龙江,-
101050311,,西安,牡丹江,黑龙江,-
101050401,,城区,佳木斯,黑龙江,true
101050402,,汤原,佳木斯,黑龙江,-
101050403,,抚远,佳木斯,黑龙江,-
101050404,,桦川,佳木斯,黑龙江,-
101050405,,桦南,佳木斯,黑龙江,-
101050406,,同江,佳木斯,黑龙江,-
101050407,,富锦,佳木斯,黑龙江,-
101050408,,向阳,佳木斯,黑龙江,-
101050409,,前进,佳木斯,黑龙江,-
101050410,,东风,佳木斯,黑龙江,-
101050411,,郊区,佳木斯,黑龙江,-
101050501,,城区,绥化,黑龙江,true
101050502,,肇东,绥化,黑龙江,-
101050503,,安达,绥化,黑龙江,-
101050504,,海伦,绥化,黑龙江,-
101050505,,明水,绥化,黑龙江,-
101050506,,望奎,绥化,黑龙江,-
101050507,,兰西,绥化,黑龙江,-
101050508,,青冈,绥化,黑龙江,-
101050509,,庆安,绥化,黑龙江,-
101050510,,绥棱,绥化,黑龙江,-
101050511,,北林,绥化,黑龙江,-
101050601,,城区,黑河,黑龙江,true
101050602,,嫩江,黑河,黑龙江,-
101050603,,孙吴,黑河,黑龙江,-
101050604,,逊克,黑河,黑龙江,-
101050605,,五大连池,黑河,黑龙江,-
101050606,,北安,黑河,黑龙江,-
101050607,,爱辉,黑河,黑龙江,-
101050701,,城区,大兴安岭,黑龙江,true
101050702,,塔河,大兴安岭,黑龙江,-
101050703,,漠河,大兴安岭,黑龙江,-
101050704,,呼玛,大兴安岭,黑龙江,-
101050705,,呼中,大兴安岭,黑龙江,-
101050706,,新林,大兴安岭,黑龙江,-
101050708,,加格达奇,大兴安岭,黑龙江,-
101050801,,城区,伊春,黑龙江,true
101050802,,乌伊岭,伊春,黑龙江,-
101050803,,五营,伊春,黑龙江,-
101050804,,铁力,伊春,黑龙江,-
101050805,,嘉荫,伊春,黑龙江,-
101050806,,南岔,伊春,黑龙江,-
101050807,,友好,伊春,黑龙江,-
101050808,,西林,伊春,黑龙江,-
101050809,,翠峦,伊春,黑龙江,-
101050810,,新青,伊春,黑龙江,-
101050811,,美溪,伊春,黑龙江,-
101050812,,金山屯,伊春,黑龙江,-
101050813,,乌马河,伊春,黑龙江,-
101050814,,汤旺河,伊春,黑龙江,-
101050815,,带岭,伊春,黑龙江,-
101050816,,红星,伊春,黑龙江,-
101050817,,上甘岭,伊春,黑龙江,-
101050901,,城区,大庆,黑龙江,true
101050902,,林甸,大庆,黑龙江,-
101050903,,肇州,大庆,黑龙江,-
101050904,,肇源,大庆,黑龙江,-
101050905,,杜尔伯特,大庆,黑龙江,-
101050906,,萨尔图,大庆,黑龙江,-
101050907,,龙凤,大庆,黑龙江,-
101050908,,让胡路,大庆,黑龙江,-
101050909,,红岗,大庆,黑龙江,-
101050910,,大同,大庆,黑龙江,-
101051001,,城区,七台河,黑龙江,-
101051002,,七台河,七台河,黑龙江,true
101051003,,勃利,七台河,黑龙江,-
101051004,,桃山,七台河,黑龙江,-
101051005,,茄子河,七台河,黑龙江,-
101051101,,城区,鸡西,黑龙江,true
101051102,,虎林,鸡西,黑龙江,-
101051103,,密山,鸡西,黑龙江,-
101051104,,鸡东,鸡西,黑龙江,-
101051105,,鸡冠,鸡西,黑龙江,-
101051106,,恒山,鸡西,黑龙江,-
101051107,,滴道,鸡西,黑龙江,-
101051108,,梨树,鸡西,黑龙江,-
101051109,,城子河,鸡西,黑龙江,-
101051110,,麻山,鸡西,黑龙江,-
101051201,,城区,鹤岗,黑龙江,true
101051202,,绥滨,鹤岗,黑龙江,-
101051203,,萝北,鹤岗,黑龙江,-
101051204,,向阳,鹤岗,黑龙江,-
101051205,,工农,鹤岗,黑龙江,-
101051206,,南山,鹤岗,黑龙江,-
101051207,,兴安,鹤岗,黑龙江,-
101051208,,东山,鹤岗,黑龙江,-
101051209,,兴山,鹤岗,黑龙江,-
101051301,,城区,双鸭山,黑龙江,true
101051302,,集贤,双鸭山,黑龙江,-
101051303,,宝清,双鸭山,黑龙江,-
101051304,,饶河,双鸭山,黑龙江,-
101051305,,友谊,双鸭山,黑龙江,-
101051306,,尖山,双鸭山,黑龙江,-
101051307,,岭东,双鸭山,黑龙江,-
101051308,,四方台,双鸭山,黑龙江,-
101051309,,宝山,双鸭山,黑龙江,-
101060101,,城区,长春,吉林,true
101060102,,农安,长春,吉林,-
101060103,,德惠,长春,吉林,-
101060104,,九台,长春,吉林,-
101060105,,榆树,长春,吉林,-
101060106,,双阳,长春,吉林,-
101060107,,二道,长春,吉林,-
101060108,,南关,长春,吉林,-
101060109,,宽城,长春,吉林,-
101060110,,朝阳,长春,吉林,-
101060111,,绿园,长春,吉林,-
101060201,,城区,吉林,吉林,true
101060202,,舒兰,吉林,吉林,-
101060203,,永吉,吉林,吉林,-
101060204,,蛟河,吉林,吉林,-
101060205,,磐石,吉林,吉林,-
101060206,,桦甸,吉林,吉林,-
101060207,,昌邑,吉林,吉林,-
101060208,,龙潭,吉林,吉林,-
101060209,,船营,吉林,吉林,-
101060210,,丰满,吉林,吉林,-
101060301,,城区,延边,吉林,true
101060302,,敦化,延边,吉林,-
101060303,,安图,延边,吉林,-
101060304,,汪清,延边,吉林,-
101060305,,和龙,延边,吉林,-
101060306,,延边,延边,吉林,-
101060307,,龙井,延边,吉林,-
101060308,,珲春,延边,吉林,-
101060309,,图们,延边,吉林,-
101060401,,城区,四平,吉林,true
101060402,,双辽,四平,吉林,-
101060403,,梨树,四平,吉林,-
101060404,,公主岭,四平,吉林,-
101060405,,伊通,四平,吉林,-
101060406,,铁西,四平,吉林,-
101060407,,铁东,四平,吉林,-
101060501,,城区,通化,吉林,true
101060502,,梅河口,通化,吉林,-
101060503,,柳河,通化,吉林,-
101060504,,辉南,通化,吉林,-
101060505,,集安,通化,吉林,-
101060506,,通化县,通化,吉林,-
101060507,,东昌,通化,吉林,-
101060508,,二道江,通化,吉林,-
101060601,,城区,白城,吉林,true
101060602,,洮南,白城,吉林,-
101060603,,大安,白城,吉林,-
101060604,,镇赉,白城,吉林,-
101060605,,通榆,白城,吉林,-
101060606,,洮北,白城,吉林,-
101060701,,城区,辽源,吉林,true
101060702,,东丰,辽源,吉林,-
101060703,,东辽,辽源,吉林,-
101060704,,龙山,辽源,吉林,-
101060705,,西安,辽源,吉林,-
101060801,,城区,松原,吉林,true
101060802,,乾安,松原,吉林,-
101060803,,前郭,松原,吉林,-
101060804,,长岭,松原,吉林,-
101060805,,扶余,松原,吉林,-
101060806,,宁江,松原,吉林,-
101060901,,城区,白山,吉林,true
101060902,,靖宇,白山,吉林,-
101060903,,临江,白山,吉林,-
101060904,,东岗,白山,吉林,-
101060905,,长白,白山,吉林,-
101060906,,抚松,白山,吉林,-
101060907,,江源,白山,吉林,-
101060908,,浑江,白山,吉林,-
101070101,,城区,沈阳,辽宁,true
101070102,,浑南,沈阳,辽宁,-
101070103,,辽中,沈阳,辽宁,-
101070104,,康平,沈阳,辽宁,-
101070105,,法库,沈阳,辽宁,-
101070106,,新民,沈阳,辽宁,-
101070107,,和平,沈阳,辽宁,-
101070108,,沈河,沈阳,辽宁,-
101070109,,大东,沈阳,辽宁,-
101070110,,皇姑,沈阳,辽宁,-
101070111,,铁西,沈阳,辽宁,-
101070112,,苏家屯,沈阳,辽宁,-
101070113,,沈北新区,沈阳,辽宁,-
101070114,,于洪,沈阳,辽宁,-
101070201,,城区,大连,辽宁,true
101070202,,瓦房店,大连,辽宁,true
101070203,,金州,大连,辽宁,-
101070204,,普兰店,大连,辽宁,-
101070205,,旅顺,大连,辽宁,-
101070206,,长海,大连,辽宁,-
101070207,,庄河,大连,辽宁,-
101070208,,中山,大连,辽宁,-
101070209,,西岗,大连,辽宁,-
101070210,,沙河口,大连,辽宁,-
101070211,,甘井子,大连,辽宁,-
101070301,,城区,鞍山,辽宁,true
101070302,,台安,鞍山,辽宁,-
101070303,,岫岩,鞍山,辽宁,-
101070304,,海城,鞍山,辽宁,-
101070305,,铁东,鞍山,辽宁,-
101070306,,铁西,鞍山,辽宁,-
101070307,,立山,鞍山,辽宁,-
101070308,,千山,鞍山,辽宁,-
101070401,,城区,抚顺,辽宁,true
101070402,,新宾,抚顺,辽宁,-
101070403,,清原,抚顺,辽宁,-
101070405,,新抚,抚顺,辽宁,-
101070406,,东洲,抚顺,辽宁,-
101070407,,望花,抚顺,辽宁,-
101070408,,顺城,抚顺,辽宁,-
101070501,,城区,本溪,辽宁,true
101070502,,本溪县,本溪,辽宁,-
101070503,,平山,本溪,辽宁,-
101070504,,桓仁,本溪,辽宁,-
101070505,,溪湖,本溪,辽宁,-
101070506,,明山,本溪,辽宁,-
101070507,,南芬,本溪,辽宁,-
101070601,,城区,丹东,辽宁,true
101070602,,凤城,丹东,辽宁,-
101070603,,宽甸,丹东,辽宁,-
101070604,,东港,丹东,辽宁,-
101070605,,元宝,丹东,辽宁,-
101070606,,振兴,丹东,辽宁,-
101070607,,振安,丹东,辽宁,-
101070701,,城区,锦州,辽宁,true
101070702,,凌海,锦州,辽宁,-
101070703,,古塔,锦州,辽宁,-
101070704,,义县,锦州,辽宁,-
101070705,,黑山,锦州,辽宁,-
101070706,,北镇,锦州,辽宁,-
101070707,,凌河,锦州,辽宁,-
101070708,,太和,锦州,辽宁,-
101070801,,城区,营口,辽宁,true
101070802,,大石桥,营口,辽宁,-
101070803,,盖州,营口,辽宁,-
101070804,,站前,营口,辽宁,-
101070805,,西市,营口,辽宁,-
101070806,,鲅鱼圈,营口,辽宁,-
101070807,,老边,营口,辽宁,-
101070901,,城区,阜新,辽宁,true
101070902,,彰武,阜新,辽宁,-
101070903,,海州,阜新,辽宁,-
101070904,,新邱,阜新,辽宁,-
101070905,,太平,阜新,辽宁,-
101070906,,清河门,阜新,辽宁,-
101070907,,细河,阜新,辽宁,-
101071001,,城区,辽阳,辽宁,true
101071002,,辽阳县,辽阳,辽宁,-
101071003,,灯塔,辽阳,辽宁,-
101071004,,弓长岭,辽阳,辽宁,-
101071005,,白塔,辽阳,辽宁,-
101071006,,文圣,辽阳,辽宁,-
101071007,,宏伟,辽阳,辽宁,-
101071008,,太子河,辽阳,辽宁,-
101071101,,城区,铁岭,辽宁,true
101071102,,开原,铁岭,辽宁,-
101071103,,昌图,铁岭,辽宁,-
101071104,,西丰,铁岭,辽宁,-
101071105,,调兵山,铁岭,辽宁,-
101071106,,银州,铁岭,辽宁,-
101071107,,清河,铁岭,辽宁,-
101071201,,城区,朝阳,辽宁,-
101071202,,双塔,朝阳,辽宁,-
101071203,,凌源,朝阳,辽宁,-
101071204,,喀左,朝阳,辽宁,-
101071205,,北票,朝阳,辽宁,-
101071206,,龙城,朝阳,辽宁,-
101071207,,建平县,朝阳,辽宁,-
101071301,,城区,盘锦,辽宁,true
101071302,,大洼,盘锦,辽宁,-
101071303,,盘山,盘锦,辽宁,-
101071304,,双台子,盘锦,辽宁,-
101071305,,兴隆台,盘锦,辽宁,-
101071401,,城区,葫芦岛,辽宁,true
101071402,,建昌,葫芦岛,辽宁,-
101071403,,绥中,葫芦岛,辽宁,-
101071404,,兴城,葫芦岛,辽宁,-
101071405,,连山,葫芦岛,辽宁,-
101071406,,龙港,葫芦岛,辽宁,-
101071407,,南票,葫芦岛,辽宁,-
101080101,,城区,呼和浩特,内蒙古,true
101080102,,土左旗,呼和浩特,内蒙古,-
101080103,,托县,呼和浩特,内蒙古,-
101080104,,和林,呼和浩特,内蒙古,-
101080105,,清水河,呼和浩特,内蒙古,-
101080106,,赛罕,呼和浩特,内蒙古,-
101080107,,武川,呼和浩特,内蒙古,-
101080108,,新城,呼和浩特,内蒙古,-
101080109,,回民,呼和浩特,内蒙古,-
101080110,,玉泉,呼和浩特,内蒙古,-
101080201,,城区,包头,内蒙古,true
101080202,,白云鄂博,包头,内蒙古,-
101080203,,满都拉,包头,内蒙古,-
101080204,,土右旗,包头,内蒙古,-
101080205,,固阳,包头,内蒙古,-
101080206,,达茂旗,包头,内蒙古,-
101080207,,希拉穆仁,包头,内蒙古,-
101080208,,东河,包头,内蒙古,-
101080209,,昆都仑,包头,内蒙古,-
101080210,,青山,包头,内蒙古,-
101080211,,石拐,包头,内蒙古,-
101080212,,九原,包头,内蒙古,-
101080301,,城区,乌海,内蒙古,true
101080302,,海勃湾,乌海,内蒙古,-
101080303,,海南,乌海,内蒙古,-
101080304,,乌达,乌海,内蒙古,-
101080401,,城区,乌兰察布,内蒙古,true
101080402,,卓资,乌兰察布,内蒙古,-
101080403,,化德,乌兰察布,内蒙古,-
101080404,,商都,乌兰察布,内蒙古,-
101080405,,乌兰察布,乌兰察布,内蒙古,-
101080406,,兴和,乌兰察布,内蒙古,-
101080407,,凉城,乌兰察布,内蒙古,-
101080408,,察右前旗,乌兰察布,内蒙古,-
101080409,,察右中旗,乌兰察布,内蒙古,-
101080410,,察右后旗,乌兰察布,内蒙古,-
101080411,,四子王旗,乌兰察布,内蒙古,-
101080412,,丰镇,乌兰察布,内蒙古,-
101080501,,城区,通辽,内蒙古,true
101080502,,舍伯吐,通辽,内蒙古,-
101080503,,科左中旗,通辽,内蒙古,-
101080504,,科左后旗,通辽,内蒙古,-
101080505,,青龙山,通辽,内蒙古,-
101080506,,开鲁,通辽,内蒙古,-
101080507,,库伦,通辽,内蒙古,-
101080508,,奈曼,通辽,内蒙古,-
101080509,,扎鲁特,通辽,内蒙古,-
101080510,,科尔沁,通辽,内蒙古,-
101080511,,巴雅尔吐胡硕,通辽,内蒙古,-
101080512,,霍林郭勒,通辽,内蒙古,-
101080601,,城区,赤峰,内蒙古,true
101080602,,红山,赤峰,内蒙古,-
101080603,,阿鲁旗,赤峰,内蒙古,-
101080605,,巴林左旗,赤峰,内蒙古,-
101080606,,巴林右旗,赤峰,内蒙古,-
101080607,,林西,赤峰,内蒙古,-
101080608,,克什克腾,赤峰,内蒙古,-
101080609,,翁牛特,赤峰,内蒙古,-
101080610,,岗子,赤峰,内蒙古,-
101080611,,喀喇沁,赤峰,内蒙古,-
101080612,,八里罕,赤峰,内蒙古,-
101080613,,宁城,赤峰,内蒙古,-
101080614,,敖汉,赤峰,内蒙古,-
101080616,,元宝山,赤峰,内蒙古,-
101080617,,松山,赤峰,内蒙古,-
101080618,,富河,赤峰,内蒙古,-
101080619,,宝国图,赤峰,内蒙古,-
101080701,,城区,鄂尔多斯,内蒙古,true
101080703,,达拉特,鄂尔多斯,内蒙古,-
101080704,,准格尔,鄂尔多斯,内蒙古,-
101080705,,鄂前旗,鄂尔多斯,内蒙古,-
101080706,,河南,鄂尔多斯,内蒙古,-
101080707,,伊和乌素,鄂尔多斯,内蒙古,-
101080708,,鄂托克,鄂尔多斯,内蒙古,-
101080709,,杭锦旗,鄂尔多斯,内蒙古,-
101080710,,乌审旗,鄂尔多斯,内蒙古,-
101080711,,伊金霍洛,鄂尔多斯,内蒙古,-
101080712,,乌审召,鄂尔多斯,内蒙古,-
101080713,,东胜,鄂尔多斯,内蒙古,-
101080714,,康巴什,鄂尔多斯,内蒙古,-
101080801,,城区,巴彦淖尔,内蒙古,true
101080802,,五原,巴彦淖尔,内蒙古,-
101080803,,磴口,巴彦淖尔,内蒙古,-
101080804,,乌前旗,巴彦淖尔,内蒙古,-
101080805,,大佘太,巴彦淖尔,内蒙古,-
101080806,,乌中旗,巴彦淖尔,内蒙古,-
101080807,,乌后旗,巴彦淖尔,内蒙古,-
101080808,,海力素,巴彦淖尔,内蒙古,-
101080809,,那仁宝力格,巴彦淖尔,内蒙古,-
101080810,,杭锦后旗,巴彦淖尔,内蒙古,-
101080811,,巴彦淖尔,巴彦淖尔,内蒙古,-
101080901,,城区,锡林郭勒,内蒙古,true
101080902,,锡林郭勒,锡林郭勒,内蒙古,-
101080903,,二连浩特,锡林郭勒,内蒙古,-
101080904,,阿巴嘎,锡林郭勒,内蒙古,-
101080906,,苏左旗,锡林郭勒,内蒙古,-
101080907,,苏右旗,锡林郭勒,内蒙古,-
101080908,,朱日和,锡林郭勒,内蒙古,-
101080909,,东乌旗,锡林郭勒,内蒙古,-
101080910,,西乌旗,锡林郭勒,内蒙古,-
101080911,,太仆寺,锡林郭勒,内蒙古,-
101080912,,镶黄旗,锡林郭勒,内蒙古,-
101080913,,正镶白旗,锡林郭勒,内蒙古,-
101080914,,正蓝旗,锡林郭勒,内蒙古,-
101080915,,多伦,锡林郭勒,内蒙古,-
101080916,,博克图,锡林郭勒,内蒙古,-
101080917,,乌拉盖,锡林郭勒,内蒙古,-
101081001,,城区,呼伦贝尔,内蒙古,true
101081002,,小二沟,呼伦贝尔,内蒙古,-
101081003,,阿荣旗,呼伦贝尔,内蒙古,-
101081004,,莫力达瓦,呼伦贝尔,内蒙古,-
101081005,,鄂伦春旗,呼伦贝尔,内蒙古,-
101081006,,鄂温克旗,呼伦贝尔,内蒙古,-
101081007,,陈旗,呼伦贝尔,内蒙古,-
101081008,,新左旗,呼伦贝尔,内蒙古,-
101081009,,新右旗,呼伦贝尔,内蒙古,-
101081010,,满洲里,呼伦贝尔,内蒙古,-
101081011,,牙克石,呼伦贝尔,内蒙古,-
101081012,,扎兰屯,呼伦贝尔,内蒙古,-
101081013,,呼伦贝尔,呼伦贝尔,内蒙古,-
101081014,,额尔古纳,呼伦贝尔,内蒙古,-
101081015,,根河,呼伦贝尔,内蒙古,-
101081016,,图里河,呼伦贝尔,内蒙古,-
101081017,,扎赉诺尔,呼伦贝尔,内蒙古,-
101081101,,城区,兴安盟,内蒙古,true
101081102,,阿尔山,兴安盟,内蒙古,-
101081103,,科右中旗,兴安盟,内蒙古,-
101081104,,胡尔勒,兴安盟,内蒙古,-
101081105,,扎赉特,兴安盟,内蒙古,-
101081106,,索伦,兴安盟,内蒙古,-
101081107,,突泉,兴安盟,内蒙古,-
101081108,,兴安盟,兴安盟,内蒙古,-
101081109,,科右前旗,兴安盟,内蒙古,-
101081110,,高力板,兴安盟,内蒙古,-
101081201,,城区,阿拉善盟,内蒙古,true
101081202,,阿右旗,阿拉善盟,内蒙古,-
101081203,,额济纳,阿拉善盟,内蒙古,-
101081204,,拐子湖,阿拉善盟,内蒙古,-
101081205,,吉兰太,阿拉善盟,内蒙古,-
101081209,,巴彦诺日公,阿拉善盟,内蒙古,-
101081210,,雅布赖,阿拉善盟,内蒙古,-
101081211,,乌斯太,阿拉善盟,内蒙古,-
101081212,,孪井滩,阿拉善盟,内蒙古,-
101081213,,阿拉善盟,阿拉善盟,内蒙古,-
101090101,,城区,石家庄,河北,true
101090102,,井陉,石家庄,河北,-
101090103,,正定,石家庄,河北,-
101090104,,栾城,石家庄,河北,-
101090105,,行唐,石家庄,河北,-
101090106,,灵寿,石家庄,河北,-
101090107,,高邑,石家庄,河北,-
101090108,,深泽,石家庄,河北,-
101090109,,赞皇,石家庄,河北,-
101090110,,无极,石家庄,河北,-
101090111,,平山,石家庄,河北,-
101090112,,元氏,石家庄,河北,-
101090113,,赵县,石家庄,河北,-
101090114,,辛集,石家庄,河北,-
101090115,,藁城,石家庄,河北,-
101090116,,晋州,石家庄,河北,-
101090117,,新乐,石家庄,河北,-
101090118,,鹿泉,石家庄,河北,-
101090119,,长安,石家庄,河北,-
101090120,,桥西,石家庄,河北,-
101090121,,新华,石家庄,河北,-
101090122,,井陉矿区,石家庄,河北,-
101090123,,裕华,石家庄,河北,-
101090201,,城区,保定,河北,true
101090202,,满城,保定,河北,-
101090203,,阜平,保定,河北,-
101090204,,徐水,保定,河北,-
101090205,,唐县,保定,河北,-
101090206,,高阳,保定,河北,-
101090208,,竞秀,保定,河北,-
101090209,,涞源,保定,河北,-
101090210,,望都,保定,河北,-
101090212,,易县,保定,河北,-
101090213,,莲池,保定,河北,-
101090214,,曲阳,保定,河北,-
101090215,,蠡县,保定,河北,-
101090216,,顺平,保定,河北,-
101090218,,涿州,保定,河北,-
101090219,,定州,保定,河北,-
101090220,,安国,保定,河北,-
101090221,,高碑店,保定,河北,-
101090222,,涞水,保定,河北,-
101090223,,定兴,保定,河北,-
101090224,,清苑,保定,河北,-
101090225,,博野,保定,河北,-
101090301,,城区,张家口,河北,true
101090302,,宣化,张家口,河北,-
101090303,,张北,张家口,河北,-
101090304,,康保,张家口,河北,-
101090305,,沽源,张家口,河北,-
101090306,,尚义,张家口,河北,-
101090307,,蔚县,张家口,河北,-
101090308,,阳原,张家口,河北,-
101090309,,怀安,张家口,河北,-
101090310,,万全,张家口,河北,-
101090311,,怀来,张家口,河北,-
101090312,,涿鹿,张家口,河北,-
101090313,,赤城,张家口,河北,-
101090314,,崇礼,张家口,河北,-
101090315,,桥东,张家口,河北,-
101090316,,桥西,张家口,河北,-
101090317,,下花园,张家口,河北,-
101090401,,城区,承德,河北,-
101090402,,承德,承德,河北,true
101090403,,承德县,承德,河北,-
101090404,,兴隆,承德,河北,-
101090405,,平泉,承德,河北,-
101090406,,滦平,承德,河北,-
101090407,,隆化,承德,河北,-
101090408,,丰宁,承德,河北,-
101090409,,宽城,承德,河北,-
101090410,,围场,承德,河北,-
101090411,,双滦,承德,河北,-
101090412,,鹰手营子矿,承德,河北,-
101090501,,城区,唐山,河北,true
101090502,,丰南,唐山,河北,-
101090503,,丰润,唐山,河北,-
101090504,,滦县,唐山,河北,-
101090505,,滦南,唐山,河北,-
101090506,,乐亭,唐山,河北,-
101090507,,迁西,唐山,河北,-
101090508,,玉田,唐山,河北,-
101090509,,曹妃甸,唐山,河北,-
101090510,,遵化,唐山,河北,-
101090511,,迁安,唐山,河北,-
101090513,,路南,唐山,河北,-
101090514,,路北,唐山,河北,-
101090515,,古冶,唐山,河北,-
101090516,,开平,唐山,河北,-
101090601,,城区,廊坊,河北,true
101090602,,固安,廊坊,河北,-
101090603,,永清,廊坊,河北,-
101090604,,香河,廊坊,河北,-
101090605,,大城,廊坊,河北,-
101090606,,文安,廊坊,河北,-
101090607,,大厂,廊坊,河北,-
101090608,,霸州,廊坊,河北,-
101090609,,三河,廊坊,河北,-
101090610,,安次,廊坊,河北,-
101090611,,广阳,廊坊,河北,-
101090701,,城区,沧州,河北,true
101090702,,青县,沧州,河北,-
101090703,,东光,沧州,河北,-
101090704,,海兴,沧州,河北,-
101090705,,盐山,沧州,河北,-
101090706,,肃宁,沧州,河北,-
101090707,,南皮,沧州,河北,-
101090708,,吴桥,沧州,河北,-
101090709,,献县,沧州,河北,-
101090710,,孟村,沧州,河北,-
101090711,,泊头,沧州,河北,-
101090712,,任丘,沧州,河北,-
101090713,,黄骅,沧州,河北,-
101090714,,河间,沧州,河北,-
101090715,,新华,沧州,河北,-
101090716,,沧县,沧州,河北,-
101090717,,运河,沧州,河北,-
101090801,,城区,衡水,河北,true
101090802,,枣强,衡水,河北,-
101090803,,武邑,衡水,河北,-
101090804,,武强,衡水,河北,-
101090805,,饶阳,衡水,河北,-
101090806,,安平,衡水,河北,-
101090807,,故城,衡水,河北,-
101090808,,景县,衡水,河北,-
101090809,,阜城,衡水,河北,-
101090810,,冀州,衡水,河北,-
101090811,,深州,衡水,河北,-
101090812,,桃城,衡水,河北,-
101090901,,城区,邢台,河北,true
101090902,,临城,邢台,河北,-
101090903,,桥东,邢台,河北,-
101090904,,内丘,邢台,河北,-
101090905,,柏乡,邢台,河北,-
101090906,,隆尧,邢台,河北,-
101090907,,南和,邢台,河北,-
101090908,,宁晋,邢台,河北,-
101090909,,巨鹿,邢台,河北,-
101090910,,新河,邢台,河北,-
101090911,,广宗,邢台,河北,-
101090912,,平乡,邢台,河北,-
101090913,,威县,邢台,河北,-
101090914,,清河,邢台,河北,-
101090915,,临西,邢台,河北,-
101090916,,南宫,邢台,河北,-
101090917,,沙河,邢台,河北,-
101090918,,任县,邢台,河北,-
101090919,,桥西,邢台,河北,-
101091001,,城区,邯郸,河北,true
101091002,,峰峰,邯郸,河北,-
101091003,,临漳,邯郸,河北,-
101091004,,成安,邯郸,河北,-
101091005,,大名,邯郸,河北,-
101091006,,涉县,邯郸,河北,-
101091007,,磁县,邯郸,河北,-
101091008,,肥乡,邯郸,河北,-
101091009,,永年,邯郸,河北,-
101091010,,邱县,邯郸,河北,-
101091011,,鸡泽,邯郸,河北,-
101091012,,广平,邯郸,河北,-
101091013,,馆陶,邯郸,河北,-
101091014,,魏县,邯郸,河北,-
101091015,,曲周,邯郸,河北,-
101091016,,武安,邯郸,河北,-
101091017,,邯山,邯郸,河北,-
101091018,,丛台,邯郸,河北,-
101091019,,复兴,邯郸,河北,-
101091101,,城区,秦皇岛,河北,true
101091102,,青龙,秦皇岛,河北,-
101091103,,昌黎,秦皇岛,河北,-
101091104,,抚宁,秦皇岛,河北,-
101091105,,卢龙,秦皇岛,河北,-
101091106,,北戴河,秦皇岛,河北,-
101091107,,海港,秦皇岛,河北,-
101091108,,山海关,秦皇岛,河北,-
101091201,,城区,雄安新区,河北,-
101091202,,容城,雄安新区,河北,-
101091203,,安新,雄安新区,河北,-
101091204,,雄县,雄安新区,河北,-
101100101,,城区,太原,山西,true
101100102,,清徐,太原,山西,-
101100103,,阳曲,太原,山西,-
101100104,,娄烦,太原,山西,-
101100105,,古交,太原,山西,-
101100106,,尖草坪区,太原,山西,-
101100107,,小店区,太原,山西,-
101100108,,迎泽,太原,山西,-
101100109,,杏花岭,太原,山西,-
101100110,,万柏林,太原,山西,-
101100111,,晋源,太原,山西,-
101100201,,城区,大同,山西,true
101100202,,阳高,大同,山西,-
101100203,,大同县,大同,山西,-
101100204,,天镇,大同,山西,-
101100205,,广灵,大同,山西,-
101100206,,灵丘,大同,山西,-
101100207,,浑源,大同,山西,-
101100208,,左云,大同,山西,-
101100209,,矿区,大同,山西,-
101100210,,南郊,大同,山西,-
101100211,,新荣,大同,山西,-
101100301,,城区,阳泉,山西,true
101100302,,盂县,阳泉,山西,-
101100303,,平定,阳泉,山西,-
101100304,,矿区,阳泉,山西,-
101100305,,郊区,阳泉,山西,-
101100401,,城区,晋中,山西,true
101100402,,榆次,晋中,山西,-
101100403,,榆社,晋中,山西,-
101100404,,左权,晋中,山西,-
101100405,,和顺,晋中,山西,-
101100406,,昔阳,晋中,山西,-
101100407,,寿阳,晋中,山西,-
101100408,,太谷,晋中,山西,-
101100409,,祁县,晋中,山西,-
101100410,,平遥,晋中,山西,-
101100411,,灵石,晋中,山西,-
101100412,,介休,晋中,山西,-
101100501,,城区,长治,山西,true
101100502,,黎城,长治,山西,-
101100503,,屯留,长治,山西,-
101100504,,潞城,长治,山西,-
101100505,,襄垣,长治,山西,-
101100506,,平顺,长治,山西,-
101100507,,武乡,长治,山西,-
101100508,,沁县,长治,山西,-
101100509,,长子,长治,山西,-
101100510,,沁源,长治,山西,-
101100511,,壶关,长治,山西,-
101100512,,郊区,长治,山西,-
101100601,,城区,晋城,山西,true
101100602,,沁水,晋城,山西,-
101100603,,阳城,晋城,山西,-
101100604,,陵川,晋城,山西,-
101100605,,高平,晋城,山西,-
101100606,,泽州,晋城,山西,-
101100701,,城区,临汾,山西,true
101100702,,曲沃,临汾,山西,-
101100703,,永和,临汾,山西,-
101100704,,隰县,临汾,山西,-
101100705,,大宁,临汾,山西,-
101100706,,吉县,临汾,山西,-
101100707,,襄汾,临汾,山西,-
101100708,,蒲县,临汾,山西,-
101100709,,汾西,临汾,山西,-
101100710,,洪洞,临汾,山西,-
101100711,,霍州,临汾,山西,-
101100712,,乡宁,临汾,山西,-
101100713,,翼城,临汾,山西,-
101100714,,侯马,临汾,山西,-
101100715,,浮山,临汾,山西,-
101100716,,安泽,临汾,山西,-
101100717,,古县,临汾,山西,-
101100718,,尧都,临汾,山西,-
101100801,,城区,运城,山西,true
101100802,,临猗,运城,山西,-
101100803,,稷山,运城,山西,-
101100804,,万荣,运城,山西,-
101100805,,河津,运城,山西,-
101100806,,新绛,运城,山西,-
101100807,,绛县,运城,山西,-
101100808,,闻喜,运城,山西,-
101100809,,垣曲,运城,山西,-
101100810,,永济,运城,山西,-
101100811,,芮城,运城,山西,-
101100812,,夏县,运城,山西,-
101100813,,平陆,运城,山西,-
101100814,,盐湖,运城,山西,-
101100901,,城区,朔州,山西,true
101100902,,平鲁,朔州,山西,-
101100903,,山阴,朔州,山西,-
101100904,,右玉,朔州,山西,-
101100905,,应县,朔州,山西,-
101100906,,怀仁,朔州,山西,-
101100907,,朔城,朔州,山西,-
101101001,,城区,忻州,山西,true
101101002,,定襄,忻州,山西,-
101101003,,五台县,忻州,山西,-
101101004,,河曲,忻州,山西,-
101101005,,偏关,忻州,山西,-
101101006,,神池,忻州,山西,-
101101007,,宁武,忻州,山西,-
101101008,,代县,忻州,山西,-
101101009,,繁峙,忻州,山西,-
101101010,,五台山,忻州,山西,-
101101011,,保德,忻州,山西,-
101101012,,静乐,忻州,山西,-
101101013,,岢岚,忻州,山西,-
101101014,,五寨,忻州,山西,-
101101015,,原平,忻州,山西,-
101101016,,忻府,忻州,山西,-
101101100,,城区,吕梁,山西,true
101101101,,吕梁,吕梁,山西,-
101101102,,临县,吕梁,山西,-
101101103,,兴县,吕梁,山西,-
101101104,,岚县,吕梁,山西,-
101101105,,柳林,吕梁,山西,-
101101106,,石楼,吕梁,山西,-
101101107,,方山,吕梁,山西,-
101101108,,交口,吕梁,山西,-
101101109,,中阳,吕梁,山西,-
101101110,,孝义,吕梁,山西,-
101101111,,汾阳,吕梁,山西,-
101101112,,文水,吕梁,山西,-
101101113,,交城,吕梁,山西,-
101110101,,城区,西安,陕西,true
101110102,,长安,西安,陕西,-
101110103,,临潼,西安,陕西,-
101110104,,蓝田,西安,陕西,-
101110105,,周至,西安,陕西,-
101110106,,邑,西安,陕西,-
101110107,,高陵,西安,陕西,-
101110108,,新城,西安,陕西,-
101110109,,碑林,西安,陕西,-
101110110,,莲湖,西安,陕西,-
101110111,,灞桥,西安,陕西,-
101110112,,未央,西安,陕西,-
101110113,,雁塔,西安,陕西,-
101110114,,阎良,西安,陕西,-
101110200,,城区,咸阳,陕西,true
101110201,,三原,咸阳,陕西,-
101110202,,礼泉,咸阳,陕西,-
101110203,,永寿,咸阳,陕西,-
101110204,,淳化,咸阳,陕西,-
101110205,,泾阳,咸阳,陕西,-
101110206,,武功,咸阳,陕西,-
101110207,,乾县,咸阳,陕西,-
101110208,,彬县,咸阳,陕西,-
101110209,,长武,咸阳,陕西,-
101110210,,旬邑,咸阳,陕西,-
101110211,,兴平,咸阳,陕西,-
101110212,,秦都,咸阳,陕西,-
101110213,,渭城,咸阳,陕西,-
101110300,,城区,延安,陕西,true
101110301,,延长,延安,陕西,-
101110302,,延川,延安,陕西,-
101110303,,子长,延安,陕西,-
101110304,,宜川,延安,陕西,-
101110305,,富县,延安,陕西,-
101110306,,志丹,延安,陕西,-
101110307,,安塞,延安,陕西,-
101110308,,甘泉,延安,陕西,-
101110309,,洛川,延安,陕西,-
101110310,,黄陵,延安,陕西,-
101110311,,黄龙,延安,陕西,-
101110312,,吴起,延安,陕西,-
101110313,,宝塔,延安,陕西,-
101110401,,城区,榆林,陕西,true
101110402,,府谷,榆林,陕西,-
101110403,,神木,榆林,陕西,-
101110404,,佳县,榆林,陕西,-
101110405,,定边,榆林,陕西,-
101110406,,靖边,榆林,陕西,-
101110407,,横山,榆林,陕西,-
101110408,,米脂,榆林,陕西,-
101110409,,子洲,榆林,陕西,-
101110410,,绥德,榆林,陕西,-
101110411,,吴堡,榆林,陕西,-
101110412,,清涧,榆林,陕西,-
101110413,,榆阳,榆林,陕西,-
101110501,,城区,渭南,陕西,true
101110503,,潼关,渭南,陕西,-
101110504,,大荔,渭南,陕西,-
101110505,,白水,渭南,陕西,-
101110506,,富平,渭南,陕西,-
101110507,,蒲城,渭南,陕西,-
101110508,,澄城,渭南,陕西,-
101110509,,合阳,渭南,陕西,-
101110510,,韩城,渭南,陕西,-
101110511,,华阴,渭南,陕西,-
101110512,,临渭,渭南,陕西,-
101110513,,华州,渭南,陕西,-
101110601,,城区,商洛,陕西,true
101110602,,洛南,商洛,陕西,-
101110603,,柞水,商洛,陕西,-
101110604,,商州,商洛,陕西,-
101110605,,镇安,商洛,陕西,-
101110606,,丹凤,商洛,陕西,-
101110607,,商南,商洛,陕西,-
101110608,,山阳,商洛,陕西,-
101110701,,城区,安康,陕西,true
101110702,,紫阳,安康,陕西,-
101110703,,石泉,安康,陕西,-
101110704,,汉阴,安康,陕西,-
101110705,,旬阳,安康,陕西,-
101110706,,岚皋,安康,陕西,-
101110707,,平利,安康,陕西,-
101110708,,白河,安康,陕西,-
101110709,,镇坪,安康,陕西,-
101110710,,宁陕,安康,陕西,-
101110711,,汉滨,安康,陕西,-
101110801,,城区,汉中,陕西,true
101110802,,略阳,汉中,陕西,-
101110803,,勉县,汉中,陕西,-
101110804,,留坝,汉中,陕西,-
101110805,,洋县,汉中,陕西,-
101110806,,城固,汉中,陕西,-
101110807,,西乡,汉中,陕西,-
101110808,,佛坪,汉中,陕西,-
101110809,,宁强,汉中,陕西,-
101110810,,南郑,汉中,陕西,-
101110811,,镇巴,汉中,陕西,-
101110812,,汉台,汉中,陕西,-
101110901,,城区,宝鸡,陕西,true
101110902,,渭滨,宝鸡,陕西,-
101110903,,千阳,宝鸡,陕西,-
101110904,,麟游,宝鸡,陕西,-
101110905,,岐山,宝鸡,陕西,-
101110906,,凤翔,宝鸡,陕西,-
101110907,,扶风,宝鸡,陕西,-
101110908,,眉县,宝鸡,陕西,-
101110909,,太白,宝鸡,陕西,-
101110910,,凤县,宝鸡,陕西,-
101110911,,陇县,宝鸡,陕西,-
101110912,,陈仓,宝鸡,陕西,-
101110913,,金台,宝鸡,陕西,-
101111001,,城区,铜川,陕西,true
101111003,,宜君,铜川,陕西,-
101111004,,耀州,铜川,陕西,-
101111005,,王益,铜川,陕西,-
101111006,,印台,铜川,陕西,-
101111101,,城区,杨凌,陕西,-
101111102,,杨陵,杨凌,陕西,-
101120101,,城区,济南,山东,true
101120102,,长清,济南,山东,-
101120103,,商河,济南,山东,-
101120104,,章丘,济南,山东,true
101120105,,平阴,济南,山东,-
101120106,,济阳,济南,山东,-
101120107,,历下,济南,山东,-
101120108,,市中,济南,山东,-
101120109,,槐荫,济南,山东,-
101120110,,天桥,济南,山东,-
101120111,,历城,济南,山东,-
101120201,,城区,青岛,山东,true
101120202,,崂山,青岛,山东,-
101120203,,市南,青岛,山东,-
101120204,,即墨,青岛,山东,true
101120205,,胶州,青岛,山东,true
101120206,,黄岛,青岛,山东,-
101120207,,莱西,青岛,山东,true
101120208,,平度,青岛,山东,true
101120209,,市北,青岛,山东,-
101120210,,李沧,青岛,山东,-
101120211,,城阳,青岛,山东,-
101120301,,城区,淄博,山东,true
101120302,,淄川,淄博,山东,-
101120303,,博山,淄博,山东,-
101120304,,高青,淄博,山东,-
101120305,,周村,淄博,山东,-
101120306,,沂源,淄博,山东,-
101120307,,桓台,淄博,山东,-
101120308,,临淄,淄博,山东,-
101120309,,张店,淄博,山东,-
101120401,,城区,德州,山东,true
101120402,,武城,德州,山东,-
101120403,,临邑,德州,山东,-
101120404,,陵县,德州,山东,-
101120405,,齐河,德州,山东,-
101120406,,乐陵,德州,山东,-
101120407,,庆云,德州,山东,-
101120408,,平原,德州,山东,-
101120409,,宁津,德州,山东,-
101120410,,夏津,德州,山东,-
101120411,,禹城,德州,山东,-
101120412,,德城,德州,山东,-
101120413,,陵城,德州,山东,-
101120501,,城区,烟台,山东,true
101120502,,莱州,烟台,山东,true
101120503,,长岛,烟台,山东,-
101120504,,蓬莱,烟台,山东,true
101120505,,龙口,烟台,山东,-
101120506,,招远,烟台,山东,true
101120507,,栖霞,烟台,山东,-
101120508,,福山,烟台,山东,-
101120509,,牟平,烟台,山东,-
101120510,,莱阳,烟台,山东,-
101120511,,海阳,烟台,山东,-
101120512,,芝罘,烟台,山东,-
101120513,,莱山,烟台,山东,-
101120601,,城区,潍坊,山东,true
101120602,,青州,潍坊,山东,-
101120603,,寿光,潍坊,山东,true
101120604,,临朐,潍坊,山东,-
101120605,,昌乐,潍坊,山东,-
101120606,,昌邑,潍坊,山东,-
101120607,,安丘,潍坊,山东,-
101120608,,高密,潍坊,山东,-
101120609,,诸城,潍坊,山东,-
101120610,,潍城,潍坊,山东,-
101120611,,寒亭,潍坊,山东,-
101120612,,坊子,潍坊,山东,-
101120613,,奎文,潍坊,山东,-
101120701,,城区,济宁,山东,true
101120702,,嘉祥,济宁,山东,-
101120703,,微山,济宁,山东,-
101120704,,鱼台,济宁,山东,-
101120705,,兖州,济宁,山东,-
101120706,,金乡,济宁,山东,-
101120707,,汶上,济宁,山东,-
101120708,,泗水,济宁,山东,-
101120709,,梁山,济宁,山东,-
101120710,,曲阜,济宁,山东,-
101120711,,邹城,济宁,山东,-
101120712,,任城,济宁,山东,-
101120801,,城区,泰安,山东,true
101120802,,新泰,泰安,山东,-
101120803,,泰山,泰安,山东,-
101120804,,肥城,泰安,山东,-
101120805,,东平,泰安,山东,-
101120806,,宁阳,泰安,山东,-
101120807,,岱岳,泰安,山东,-
101120901,,城区,临沂,山东,true
101120902,,莒南,临沂,山东,-
101120903,,沂南,临沂,山东,-
101120904,,兰陵,临沂,山东,-
101120905,,临沭,临沂,山东,-
101120906,,郯城,临沂,山东,-
101120907,,蒙阴,临沂,山东,-
101120908,,平邑,临沂,山东,-
101120909,,费县,临沂,山东,-
101120910,,沂水,临沂,山东,-
101120911,,兰山,临沂,山东,-
101120912,,罗庄,临沂,山东,-
101120913,,河东,临沂,山东,-
101121001,,城区,菏泽,山东,true
101121002,,鄄城,菏泽,山东,-
101121003,,郓城,菏泽,山东,-
101121004,,东明,菏泽,山东,-
101121005,,定陶,菏泽,山东,-
101121006,,巨野,菏泽,山东,-
101121007,,曹县,菏泽,山东,-
101121008,,成武,菏泽,山东,-
101121009,,单县,菏泽,山东,-
101121010,,牡丹,菏泽,山东,-
101121101,,城区,滨州,山东,true
101121102,,博兴,滨州,山东,-
101121103,,无棣,滨州,山东,-
101121104,,阳信,滨州,山东,-
101121105,,惠民,滨州,山东,-
101121106,,沾化,滨州,山东,-
101121107,,邹平,滨州,山东,-
101121108,,滨城,滨州,山东,-
101121201,,城区,东营,山东,true
101121202,,河口,东营,山东,-
101121203,,垦利,东营,山东,-
101121204,,利津,东营,山东,-
101121205,,广饶,东营,山东,-
101121301,,城区,威海,山东,true
101121302,,文登,威海,山东,true
101121303,,荣成,威海,山东,true
101121304,,乳山,威海,山东,true
101121305,,成山头,威海,山东,-
101121306,,石岛,威海,山东,-
101121307,,环翠,威海,山东,-
101121401,,城区,枣庄,山东,true
101121402,,薛城,枣庄,山东,-
101121403,,峄城,枣庄,山东,-
101121404,,台儿庄,枣庄,山东,-
101121405,,滕州,枣庄,山东,-
101121406,,市中,枣庄,山东,-
101121407,,山亭,枣庄,山东,-
101121501,,城区,日照,山东,true
101121502,,五莲,日照,山东,-
101121503,,莒县,日照,山东,-
101121504,,东港,日照,山东,-
101121505,,岚山,日照,山东,-
101121601,,城区,莱芜,山东,true
101121602,,莱城,莱芜,山东,-
101121603,,钢城,莱芜,山东,-
101121701,,城区,聊城,山东,true
101121702,,冠县,聊城,山东,-
101121703,,阳谷,聊城,山东,-
101121704,,高唐,聊城,山东,-
101121705,,茌平,聊城,山东,-
101121706,,东阿,聊城,山东,-
101121707,,临清,聊城,山东,-
101121708,,东昌府,聊城,山东,-
101121709,,莘县,聊城,山东,-
101130101,,城区,乌鲁木齐,新疆,true
101130102,,天山,乌鲁木齐,新疆,-
101130103,,小渠子,乌鲁木齐,新疆,-
101130104,,沙依巴克,乌鲁木齐,新疆,-
101130105,,达坂城,乌鲁木齐,新疆,-
101130106,,新市,乌鲁木齐,新疆,-
101130107,,水磨沟,乌鲁木齐,新疆,-
101130109,,天池,乌鲁木齐,新疆,-
101130111,,头屯河,乌鲁木齐,新疆,-
101130112,,米东,乌鲁木齐,新疆,-
101130113,,乌鲁木齐县,乌鲁木齐,新疆,-
101130114,,西白杨沟,乌鲁木齐,新疆,-
101130201,,城区,克拉玛依,新疆,true
101130202,,乌尔禾,克拉玛依,新疆,-
101130203,,白碱滩,克拉玛依,新疆,-
101130204,,独山子,克拉玛依,新疆,-
101130301,,城区,石河子,新疆,true
101130302,,炮台,石河子,新疆,-
101130303,,莫索湾,石河子,新疆,-
101130401,,城区,昌吉,新疆,true
101130402,,呼图壁,昌吉,新疆,-
101130404,,阜康,昌吉,新疆,-
101130405,,吉木萨尔,昌吉,新疆,-
101130406,,奇台,昌吉,新疆,-
101130407,,玛纳斯,昌吉,新疆,-
101130408,,木垒,昌吉,新疆,-
101130409,,蔡家湖,昌吉,新疆,-
101130501,,城区,吐鲁番,新疆,true
101130502,,托克逊,吐鲁番,新疆,-
101130503,,高昌,吐鲁番,新疆,-
101130504,,鄯善,吐鲁番,新疆,-
101130601,,城区,巴音郭楞,新疆,true
101130602,,轮台,巴音郭楞,新疆,-
101130603,,尉犁,巴音郭楞,新疆,-
101130604,,若羌,巴音郭楞,新疆,-
101130605,,且末,巴音郭楞,新疆,-
101130606,,和静,巴音郭楞,新疆,-
101130607,,焉耆,巴音郭楞,新疆,-
101130608,,和硕,巴音郭楞,新疆,-
101130609,,巴音郭楞,巴音郭楞,新疆,-
101130610,,巴音布鲁克,巴音郭楞,新疆,-
101130611,,铁干里克,巴音郭楞,新疆,-
101130612,,博湖,巴音郭楞,新疆,-
101130613,,塔中,巴音郭楞,新疆,-
101130614,,巴仑台,巴音郭楞,新疆,-
101130701,,城区,阿拉尔,新疆,-
101130801,,城区,阿克苏,新疆,true
101130802,,乌什,阿克苏,新疆,-
101130803,,温宿,阿克苏,新疆,-
101130804,,拜城,阿克苏,新疆,-
101130805,,新和,阿克苏,新疆,-
101130806,,沙雅,阿克苏,新疆,-
101130807,,库车,阿克苏,新疆,-
101130808,,柯坪,阿克苏,新疆,-
101130809,,阿瓦提,阿克苏,新疆,-
101130901,,城区,喀什,新疆,true
101130902,,英吉沙,喀什,新疆,-
101130903,,塔什库尔干,喀什,新疆,-
101130904,,麦盖提,喀什,新疆,-
101130905,,莎车,喀什,新疆,-
101130906,,叶城,喀什,新疆,-
101130907,,泽普,喀什,新疆,-
101130908,,巴楚,喀什,新疆,-
101130909,,岳普湖,喀什,新疆,-
101130910,,伽师,喀什,新疆,-
101130911,,疏附,喀什,新疆,-
101130912,,疏勒,喀什,新疆,-
101131001,,城区,伊犁,新疆,-
101131002,,察布查尔,伊犁,新疆,-
101131003,,尼勒克,伊犁,新疆,-
101131004,,伊宁县,伊犁,新疆,-
101131005,,巩留,伊犁,新疆,-
101131006,,新源,伊犁,新疆,-
101131007,,昭苏,伊犁,新疆,-
101131008,,特克斯,伊犁,新疆,-
101131009,,霍城,伊犁,新疆,-
101131010,,霍尔果斯,伊犁,新疆,-
101131011,,奎屯,伊犁,新疆,-
101131012,,伊犁,伊犁,新疆,-
101131101,,城区,塔城,新疆,true
101131102,,裕民,塔城,新疆,-
101131103,,额敏,塔城,新疆,-
101131104,,和布克赛尔,塔城,新疆,-
101131105,,托里,塔城,新疆,-
101131106,,乌苏,塔城,新疆,-
101131107,,沙湾,塔城,新疆,-
101131201,,城区,哈密,新疆,true
101131202,,伊州,哈密,新疆,-
101131203,,巴里坤,哈密,新疆,-
101131204,,伊吾,哈密,新疆,-
101131301,,城区,和田,新疆,true
101131302,,皮山,和田,新疆,-
101131303,,策勒,和田,新疆,-
101131304,,墨玉,和田,新疆,-
101131305,,洛浦,和田,新疆,-
101131306,,民丰,和田,新疆,-
101131307,,于田,和田,新疆,-
101131401,,城区,阿勒泰,新疆,true
101131402,,哈巴河,阿勒泰,新疆,-
101131405,,吉木乃,阿勒泰,新疆,-
101131406,,布尔津,阿勒泰,新疆,-
101131407,,福海,阿勒泰,新疆,-
101131408,,富蕴,阿勒泰,新疆,-
101131409,,青河,阿勒泰,新疆,-
101131501,,城区,克州,新疆,true
101131502,,乌恰,克州,新疆,-
101131503,,阿克陶,克州,新疆,-
101131504,,阿合奇,克州,新疆,-
101131505,,克州,克州,新疆,-
101131601,,城区,博尔塔拉,新疆,-
101131602,,温泉,博尔塔拉,新疆,-
101131603,,精河,博尔塔拉,新疆,-
101131604,,博尔塔拉,博尔塔拉,新疆,-
101131606,,阿拉山口,博尔塔拉,新疆,-
101131701,,城区,图木舒克,新疆,-
101131801,,城区,五家渠,新疆,-
101131901,,城区,铁门关,新疆,-
101131920,,昆玉,昆玉,新疆,-
101132101,,城区,北屯,新疆,-
101132201,,城区,双河,新疆,-
101132301,,城区,可克达拉,新疆,-
101140101,,城区,拉萨,西藏,true
101140102,,当雄,拉萨,西藏,-
101140103,,尼木,拉萨,西藏,-
101140104,,林周,拉萨,西藏,-
101140105,,堆龙德庆,拉萨,西藏,-
101140106,,曲水,拉萨,西藏,-
101140107,,达孜,拉萨,西藏,-
101140108,,墨竹工卡,拉萨,西藏,-
101140109,,城关,拉萨,西藏,-
101140201,,城区,日喀则,西藏,true
101140202,,拉孜,日喀则,西藏,-
101140203,,南木林,日喀则,西藏,-
101140204,,聂拉木,日喀则,西藏,-
101140205,,定日,日喀则,西藏,-
101140206,,江孜,日喀则,西藏,-
101140207,,帕里,日喀则,西藏,-
101140208,,仲巴,日喀则,西藏,-
101140209,,萨嘎,日喀则,西藏,-
101140210,,吉隆,日喀则,西藏,-
101140211,,昂仁,日喀则,西藏,-
101140212,,定结,日喀则,西藏,-
101140213,,萨迦,日喀则,西藏,-
101140214,,谢通门,日喀则,西藏,-
101140215,,桑珠孜,日喀则,西藏,-
101140216,,岗巴,日喀则,西藏,-
101140217,,白朗,日喀则,西藏,-
101140218,,亚东,日喀则,西藏,-
101140219,,康马,日喀则,西藏,-
101140220,,仁布,日喀则,西藏,-
101140301,,城区,山南,西藏,true
101140302,,贡嘎,山南,西藏,-
101140303,,扎囊,山南,西藏,-
101140304,,加查,山南,西藏,-
101140305,,浪卡子,山南,西藏,-
101140306,,错那,山南,西藏,-
101140307,,隆子,山南,西藏,-
101140308,,泽当,山南,西藏,-
101140309,,乃东,山南,西藏,-
101140310,,桑日,山南,西藏,-
101140311,,洛扎,山南,西藏,-
101140312,,措美,山南,西藏,-
101140313,,琼结,山南,西藏,-
101140314,,曲松,山南,西藏,-
101140401,,城区,林芝,西藏,true
101140402,,波密,林芝,西藏,-
101140403,,米林,林芝,西藏,-
101140404,,察隅,林芝,西藏,-
101140405,,工布江达,林芝,西藏,-
101140406,,朗县,林芝,西藏,-
101140407,,墨脱,林芝,西藏,-
101140408,,巴宜,林芝,西藏,-
101140501,,城区,昌都,西藏,true
101140502,,丁青,昌都,西藏,-
101140503,,边坝,昌都,西藏,-
101140504,,洛隆,昌都,西藏,-
101140505,,左贡,昌都,西藏,-
101140506,,芒康,昌都,西藏,-
101140507,,类乌齐,昌都,西藏,-
101140508,,八宿,昌都,西藏,-
101140509,,江达,昌都,西藏,-
101140510,,察雅,昌都,西藏,-
101140511,,贡觉,昌都,西藏,-
101140512,,卡若,昌都,西藏,-
101140601,,城区,那曲,西藏,true
101140602,,尼玛,那曲,西藏,-
101140603,,嘉黎,那曲,西藏,-
101140604,,班戈,那曲,西藏,-
101140605,,安多,那曲,西藏,-
101140606,,索县,那曲,西藏,-
101140607,,聂荣,那曲,西藏,-
101140608,,巴青,那曲,西藏,-
101140609,,比如,那曲,西藏,-
101140610,,双湖,那曲,西藏,-
101140611,,申扎,那曲,西藏,-
101140612,,色尼,那曲,西藏,-
101140701,,城区,阿里,西藏,true
101140702,,改则,阿里,西藏,-
101140704,,狮泉河,阿里,西藏,-
101140705,,普兰,阿里,西藏,-
101140706,,札达,阿里,西藏,-
101140707,,噶尔,阿里,西藏,-
101140708,,日土,阿里,西藏,-
101140709,,革吉,阿里,西藏,-
101140710,,措勤,阿里,西藏,-
101150101,,城区,西宁,青海,true
101150102,,大通,西宁,青海,-
101150103,,湟源,西宁,青海,-
101150104,,湟中,西宁,青海,-
101150105,,城东,西宁,青海,-
101150106,,城中,西宁,青海,-
101150107,,城西,西宁,青海,-
101150108,,城北,西宁,青海,-
101150201,,城区,海东,青海,true
101150202,,乐都,海东,青海,-
101150203,,民和,海东,青海,-
101150204,,互助,海东,青海,-
101150205,,化隆,海东,青海,-
101150206,,循化,海东,青海,-
101150207,,海东,海东,青海,-
101150301,,城区,黄南,青海,true
101150302,,尖扎,黄南,青海,-
101150303,,泽库,黄南,青海,-
101150304,,河南,黄南,青海,-
101150305,,黄南,黄南,青海,-
101150401,,城区,海南,青海,true
101150402,,海南,海南,青海,-
101150404,,贵德,海南,青海,-
101150406,,兴海,海南,青海,-
101150407,,贵南,海南,青海,-
101150408,,同德,海南,青海,-
101150501,,城区,果洛,青海,true
101150502,,班玛,果洛,青海,-
101150503,,甘德,果洛,青海,-
101150504,,达日,果洛,青海,-
101150505,,久治,果洛,青海,-
101150506,,玛多,果洛,青海,-
101150507,,果洛,果洛,青海,-
101150601,,城区,玉树,青海,true
101150602,,称多,玉树,青海,-
101150603,,治多,玉树,青海,-
101150604,,杂多,玉树,青海,-
101150605,,囊谦,玉树,青海,-
101150606,,曲麻莱,玉树,青海,-
101150701,,城区,海西,青海,true
101150702,,海西,海西,青海,-
101150708,,天峻,海西,青海,-
101150709,,乌兰,海西,青海,-
101150712,,茫崖,海西,青海,-
101150713,,大柴旦,海西,青海,-
101150714,,格尔木,海西,青海,-
101150715,,都兰,海西,青海,-
101150716,,冷湖,海西,青海,-
101150801,,城区,海北,青海,true
101150802,,门源,海北,青海,-
101150803,,祁连,海北,青海,-
101150804,,海北,海北,青海,-
101150806,,刚察,海北,青海,-
101160101,,城区,兰州,甘肃,true
101160102,,皋兰,兰州,甘肃,-
101160103,,永登,兰州,甘肃,-
101160104,,榆中,兰州,甘肃,-
101160105,,城关,兰州,甘肃,-
101160106,,七里河,兰州,甘肃,-
101160107,,西固,兰州,甘肃,-
101160108,,安宁,兰州,甘肃,-
101160109,,红古,兰州,甘肃,-
101160201,,城区,定西,甘肃,true
101160202,,通渭,定西,甘肃,-
101160203,,陇西,定西,甘肃,-
101160204,,渭源,定西,甘肃,-
101160205,,临洮,定西,甘肃,-
101160206,,漳县,定西,甘肃,-
101160207,,岷县,定西,甘肃,-
101160208,,安定,定西,甘肃,-
101160301,,城区,平凉,甘肃,true
101160302,,泾川,平凉,甘肃,-
101160303,,灵台,平凉,甘肃,-
101160304,,崇信,平凉,甘肃,-
101160305,,华亭,平凉,甘肃,-
101160306,,庄浪,平凉,甘肃,-
101160307,,静宁,平凉,甘肃,-
101160308,,崆峒,平凉,甘肃,-
101160401,,城区,庆阳,甘肃,true
101160402,,西峰,庆阳,甘肃,-
101160403,,环县,庆阳,甘肃,-
101160404,,华池,庆阳,甘肃,-
101160405,,合水,庆阳,甘肃,-
101160406,,正宁,庆阳,甘肃,-
101160407,,宁县,庆阳,甘肃,-
101160408,,镇原,庆阳,甘肃,-
101160409,,庆城,庆阳,甘肃,-
101160501,,城区,武威,甘肃,true
101160502,,民勤,武威,甘肃,-
101160503,,古浪,武威,甘肃,-
101160504,,凉州,武威,甘肃,-
101160505,,天祝,武威,甘肃,-
101160601,,城区,金昌,甘肃,true
101160602,,永昌,金昌,甘肃,-
101160603,,金川,金昌,甘肃,-
101160701,,城区,张掖,甘肃,true
101160702,,肃南,张掖,甘肃,-
101160703,,民乐,张掖,甘肃,-
101160704,,临泽,张掖,甘肃,-
101160705,,高台,张掖,甘肃,-
101160706,,山丹,张掖,甘肃,-
101160707,,甘州,张掖,甘肃,-
101160801,,城区,酒泉,甘肃,true
101160802,,肃州,酒泉,甘肃,-
101160803,,金塔,酒泉,甘肃,-
101160804,,阿克塞,酒泉,甘肃,-
101160805,,瓜州,酒泉,甘肃,-
101160806,,肃北,酒泉,甘肃,-
101160807,,玉门,酒泉,甘肃,-
101160808,,敦煌,酒泉,甘肃,-
101160901,,城区,天水,甘肃,true
101160902,,秦州,天水,甘肃,-
101160903,,清水,天水,甘肃,-
101160904,,秦安,天水,甘肃,-
101160905,,甘谷,天水,甘肃,-
101160906,,武山,天水,甘肃,-
101160907,,张家川,天水,甘肃,-
101160908,,麦积,天水,甘肃,-
101161001,,城区,陇南,甘肃,true
101161002,,成县,陇南,甘肃,-
101161003,,文县,陇南,甘肃,-
101161004,,宕昌,陇南,甘肃,-
101161005,,康县,陇南,甘肃,-
101161006,,西和,陇南,甘肃,-
101161007,,礼县,陇南,甘肃,-
101161008,,徽县,陇南,甘肃,-
101161009,,两当,陇南,甘肃,-
101161010,,陇南,陇南,甘肃,-
101161101,,城区,临夏,甘肃,true
101161102,,康乐,临夏,甘肃,-
101161103,,永靖,临夏,甘肃,-
101161104,,广河,临夏,甘肃,-
101161105,,和政,临夏,甘肃,-
101161106,,东乡,临夏,甘肃,-
101161107,,积石山,临夏,甘肃,-
101161201,,城区,甘南,甘肃,-
101161202,,临潭,甘南,甘肃,-
101161203,,卓尼,甘南,甘肃,-
101161204,,舟曲,甘南,甘肃,-
101161205,,迭部,甘南,甘肃,-
101161206,,玛曲,甘南,甘肃,-
101161207,,碌曲,甘南,甘肃,-
101161208,,夏河,甘南,甘肃,-
101161209,,甘南,甘南,甘肃,-
101161301,,城区,白银,甘肃,true
101161302,,靖远,白银,甘肃,-
101161303,,会宁,白银,甘肃,-
101161304,,平川,白银,甘肃,-
101161305,,景泰,白银,甘肃,-
101161401,,城区,嘉峪关,甘肃,true
101170101,,城区,银川,宁夏,true
101170102,,永宁,银川,宁夏,-
101170103,,灵武,银川,宁夏,-
101170104,,贺兰,银川,宁夏,-
101170105,,兴庆,银川,宁夏,-
101170106,,西夏,银川,宁夏,-
101170107,,金凤,银川,宁夏,-
101170201,,城区,石嘴山,宁夏,true
101170202,,惠农,石嘴山,宁夏,-
101170203,,平罗,石嘴山,宁夏,-
101170204,,陶乐,石嘴山,宁夏,-
101170205,,大武口,石嘴山,宁夏,-
101170301,,城区,吴忠,宁夏,true
101170302,,同心,吴忠,宁夏,-
101170303,,盐池,吴忠,宁夏,-
101170304,,利通,吴忠,宁夏,-
101170305,,红寺堡,吴忠,宁夏,-
101170306,,青铜峡,吴忠,宁夏,-
101170401,,城区,固原,宁夏,true
101170402,,西吉,固原,宁夏,-
101170403,,隆德,固原,宁夏,-
101170404,,泾源,固原,宁夏,-
101170405,,原州,固原,宁夏,-
101170406,,彭阳,固原,宁夏,-
101170501,,城区,中卫,宁夏,true
101170502,,中宁,中卫,宁夏,-
101170503,,沙坡头,中卫,宁夏,-
101170504,,海原,中卫,宁夏,-
101180101,,城区,郑州,河南,true
101180102,,巩义,郑州,河南,-
101180103,,荥阳,郑州,河南,-
101180104,,登封,郑州,河南,-
101180105,,新密,郑州,河南,-
101180106,,新郑,郑州,河南,-
101180107,,中牟,郑州,河南,-
101180108,,上街,郑州,河南,-
101180109,,中原,郑州,河南,-
101180110,,二七,郑州,河南,-
101180111,,管城,郑州,河南,-
101180112,,金水,郑州,河南,-
101180113,,惠济,郑州,河南,-
101180201,,城区,安阳,河南,true
101180202,,汤阴,安阳,河南,-
101180203,,滑县,安阳,河南,-
101180204,,内黄,安阳,河南,-
101180205,,林州,安阳,河南,-
101180206,,文峰,安阳,河南,-
101180207,,北关,安阳,河南,-
101180208,,殷都,安阳,河南,-
101180209,,龙安,安阳,河南,-
101180301,,城区,新乡,河南,true
101180302,,获嘉,新乡,河南,-
101180303,,原阳,新乡,河南,-
101180304,,辉县,新乡,河南,-
101180305,,卫辉,新乡,河南,-
101180306,,延津,新乡,河南,-
101180307,,封丘,新乡,河南,-
101180308,,长垣,新乡,河南,-
101180309,,红旗,新乡,河南,-
101180310,,卫滨,新乡,河南,-
101180311,,凤泉,新乡,河南,-
101180312,,牧野,新乡,河南,-
101180401,,城区,许昌,河南,true
101180402,,鄢陵,许昌,河南,-
101180403,,襄城,许昌,河南,-
101180404,,长葛,许昌,河南,-
101180405,,禹州,许昌,河南,-
101180406,,魏都,许昌,河南,-
101180407,,建安,许昌,河南,-
101180501,,城区,平顶山,河南,true
101180502,,郏县,平顶山,河南,-
101180503,,宝丰,平顶山,河南,-
101180504,,汝州,平顶山,河南,-
101180505,,叶县,平顶山,河南,-
101180506,,舞钢,平顶山,河南,-
101180507,,鲁山,平顶山,河南,-
101180508,,石龙,平顶山,河南,-
101180509,,新华,平顶山,河南,-
101180510,,卫东,平顶山,河南,-
101180511,,湛河,平顶山,河南,-
101180601,,城区,信阳,河南,true
101180602,,息县,信阳,河南,-
101180603,,罗山,信阳,河南,-
101180604,,光山,信阳,河南,-
101180605,,新县,信阳,河南,-
101180606,,淮滨,信阳,河南,-
101180607,,潢川,信阳,河南,-
101180608,,固始,信阳,河南,-
101180609,,商城,信阳,河南,-
101180610,,负,信阳,河南,-
101180611,,平桥,信阳,河南,-
101180701,,城区,南阳,河南,true
101180702,,南召,南阳,河南,-
101180703,,方城,南阳,河南,-
101180704,,社旗,南阳,河南,-
101180705,,西峡,南阳,河南,-
101180706,,内乡,南阳,河南,-
101180707,,镇平,南阳,河南,-
101180708,,淅川,南阳,河南,-
101180709,,新野,南阳,河南,-
101180710,,唐河,南阳,河南,-
101180711,,邓州,南阳,河南,-
101180712,,桐柏,南阳,河南,-
101180713,,宛城,南阳,河南,-
101180714,,卧龙,南阳,河南,-
101180801,,城区,开封,河南,true
101180802,,杞县,开封,河南,-
101180803,,尉氏,开封,河南,-
101180804,,通许,开封,河南,-
101180805,,兰考,开封,河南,-
101180806,,龙亭,开封,河南,-
101180807,,顺河,开封,河南,-
101180808,,鼓楼,开封,河南,-
101180809,,禹王台,开封,河南,-
101180810,,祥符,开封,河南,-
101180901,,城区,洛阳,河南,true
101180902,,新安,洛阳,河南,-
101180903,,孟津,洛阳,河南,-
101180904,,宜阳,洛阳,河南,-
101180905,,洛宁,洛阳,河南,-
101180906,,伊川,洛阳,河南,-
101180907,,嵩县,洛阳,河南,-
101180908,,偃师,洛阳,河南,-
101180909,,栾川,洛阳,河南,-
101180910,,汝阳,洛阳,河南,-
101180911,,吉利,洛阳,河南,-
101180912,,老城,洛阳,河南,-
101180913,,西工,洛阳,河南,-
101180914,,e河,洛阳,河南,-
101180915,,涧西,洛阳,河南,-
101180916,,洛龙,洛阳,河南,-
101181001,,城区,商丘,河南,true
101181002,,梁园,商丘,河南,-
101181003,,睢县,商丘,河南,-
101181004,,民权,商丘,河南,-
101181005,,虞城,商丘,河南,-
101181006,,柘城,商丘,河南,-
101181007,,宁陵,商丘,河南,-
101181008,,夏邑,商丘,河南,-
101181009,,永城,商丘,河南,-
101181010,,睢阳,商丘,河南,-
101181101,,城区,焦作,河南,true
101181102,,修武,焦作,河南,-
101181103,,武陟,焦作,河南,-
101181104,,沁阳,焦作,河南,-
101181105,,解放,焦作,河南,-
101181106,,博爱,焦作,河南,-
101181107,,温县,焦作,河南,-
101181108,,孟州,焦作,河南,-
101181109,,中站,焦作,河南,-
101181110,,马村,焦作,河南,-
101181111,,山阳,焦作,河南,-
101181201,,城区,鹤壁,河南,true
101181202,,浚县,鹤壁,河南,-
101181203,,淇县,鹤壁,河南,-
101181204,,鹤山,鹤壁,河南,-
101181205,,山城,鹤壁,河南,-
101181206,,淇滨,鹤壁,河南,-
101181301,,城区,濮阳,河南,true
101181302,,台前,濮阳,河南,-
101181303,,南乐,濮阳,河南,-
101181304,,清丰,濮阳,河南,-
101181305,,范县,濮阳,河南,-
101181306,,华龙,濮阳,河南,-
101181401,,城区,周口,河南,true
101181402,,扶沟,周口,河南,-
101181403,,太康,周口,河南,-
101181404,,淮阳,周口,河南,-
101181405,,西华,周口,河南,-
101181406,,商水,周口,河南,-
101181407,,项城,周口,河南,-
101181408,,郸城,周口,河南,-
101181409,,鹿邑,周口,河南,-
101181410,,沈丘,周口,河南,-
101181411,,川汇,周口,河南,-
101181501,,城区,漯河,河南,true
101181502,,临颍,漯河,河南,-
101181503,,舞阳,漯河,河南,-
101181504,,源汇,漯河,河南,-
101181505,,郾城,漯河,河南,-
101181506,,召陵,漯河,河南,-
101181601,,城区,驻马店,河南,true
101181602,,西平,驻马店,河南,-
101181603,,遂平,驻马店,河南,-
101181604,,上蔡,驻马店,河南,-
101181605,,汝南,驻马店,河南,-
101181606,,泌阳,驻马店,河南,-
101181607,,平舆,驻马店,河南,-
101181608,,新蔡,驻马店,河南,-
101181609,,确山,驻马店,河南,-
101181610,,正阳,驻马店,河南,-
101181611,,驿城,驻马店,河南,-
101181701,,城区,三门峡,河南,true
101181702,,灵宝,三门峡,河南,-
101181703,,渑池,三门峡,河南,-
101181704,,卢氏,三门峡,河南,-
101181705,,义马,三门峡,河南,-
101181707,,湖滨,三门峡,河南,-
101181708,,陕州,三门峡,河南,-
101181801,,城区,济源,河南,-
101190101,,城区,南京,江苏,true
101190102,,溧水,南京,江苏,-
101190103,,高淳,南京,江苏,-
101190104,,江宁,南京,江苏,-
101190105,,六合,南京,江苏,-
101190107,,浦口,南京,江苏,-
101190108,,玄武,南京,江苏,-
101190109,,秦淮,南京,江苏,-
101190110,,建邺,南京,江苏,-
101190111,,鼓楼,南京,江苏,-
101190112,,栖霞,南京,江苏,-
101190113,,雨花台,南京,江苏,-
101190201,,城区,无锡,江苏,true
101190202,,江阴,无锡,江苏,true
101190203,,宜兴,无锡,江苏,true
101190204,,锡山,无锡,江苏,-
101190205,,惠山,无锡,江苏,-
101190206,,滨湖,无锡,江苏,-
101190207,,梁溪,无锡,江苏,-
101190208,,新吴,无锡,江苏,-
101190301,,城区,镇江,江苏,true
101190302,,丹阳,镇江,江苏,-
101190303,,扬中,镇江,江苏,-
101190304,,句容,镇江,江苏,true
101190305,,丹徒,镇江,江苏,-
101190306,,京口,镇江,江苏,-
101190307,,润州,镇江,江苏,-
101190401,,城区,苏州,江苏,true
101190402,,常熟,苏州,江苏,true
101190403,,张家港,苏州,江苏,true
101190404,,昆山,苏州,江苏,true
101190405,,吴中,苏州,江苏,-
101190406,,虎丘,苏州,江苏,-
101190407,,吴江,苏州,江苏,true
101190408,,太仓,苏州,江苏,true
101190409,,相城,苏州,江苏,-
101190410,,姑苏,苏州,江苏,-
101190501,,城区,南通,江苏,true
101190502,,海安,南通,江苏,-
101190503,,如皋,南通,江苏,-
101190504,,如东,南通,江苏,-
101190505,,崇川,南通,江苏,-
101190506,,港闸,南通,江苏,-
101190507,,启东,南通,江苏,-
101190508,,海门,南通,江苏,true
101190509,,通州,南通,江苏,-
101190601,,城区,扬州,江苏,true
101190602,,宝应,扬州,江苏,-
101190603,,仪征,扬州,江苏,-
101190604,,高邮,扬州,江苏,-
101190605,,江都,扬州,江苏,-
101190606,,邗江,扬州,江苏,-
101190607,,广陵,扬州,江苏,-
101190701,,城区,盐城,江苏,true
101190702,,响水,盐城,江苏,-
101190703,,滨海,盐城,江苏,-
101190704,,阜宁,盐城,江苏,-
101190705,,射阳,盐城,江苏,-
101190706,,建湖,盐城,江苏,-
101190707,,东台,盐城,江苏,-
101190708,,大丰,盐城,江苏,-
101190709,,盐都,盐城,江苏,-
101190710,,亭湖,盐城,江苏,-
101190801,,城区,徐州,江苏,true
101190802,,铜山,徐州,江苏,-
101190803,,丰县,徐州,江苏,-
101190804,,沛县,徐州,江苏,-
101190805,,邳州,徐州,江苏,-
101190806,,睢宁,徐州,江苏,-
101190807,,新沂,徐州,江苏,-
101190808,,鼓楼,徐州,江苏,-
101190809,,云龙,徐州,江苏,-
101190810,,贾汪,徐州,江苏,-
101190811,,泉山,徐州,江苏,-
101190901,,城区,淮安,江苏,true
101190902,,金湖,淮安,江苏,-
101190903,,盱眙,淮安,江苏,-
101190904,,洪泽,淮安,江苏,-
101190905,,涟水,淮安,江苏,-
101190906,,淮阴区,淮安,江苏,-
101190907,,清江浦,淮安,江苏,-
101190908,,淮安区,淮安,江苏,-
101191001,,城区,连云港,江苏,true
101191002,,东海,连云港,江苏,-
101191003,,赣榆,连云港,江苏,-
101191004,,灌云,连云港,江苏,-
101191005,,灌南,连云港,江苏,-
101191006,,海州,连云港,江苏,-
101191007,,连云,连云港,江苏,-
101191101,,城区,常州,江苏,true
101191102,,溧阳,常州,江苏,true
101191103,,金坛,常州,江苏,true
101191104,,武进,常州,江苏,-
101191105,,天宁,常州,江苏,-
101191106,,钟楼,常州,江苏,-
101191107,,新北,常州,江苏,-
101191201,,城区,泰州,江苏,true
101191202,,兴化,泰州,江苏,-
101191203,,泰兴,泰州,江苏,-
101191204,,姜堰,泰州,江苏,-
101191205,,靖江,泰州,江苏,-
101191206,,海陵,泰州,江苏,-
101191207,,高港,泰州,江苏,-
101191301,,城区,宿迁,江苏,true
101191302,,沭阳,宿迁,江苏,-
101191303,,泗阳,宿迁,江苏,-
101191304,,泗洪,宿迁,江苏,-
101191305,,宿豫,宿迁,江苏,-
101191306,,宿城,宿迁,江苏,-
101200101,,城区,武汉,湖北,true
101200102,,蔡甸,武汉,湖北,-
101200103,,黄陂,武汉,湖北,-
101200104,,新洲,武汉,湖北,-
101200105,,江夏,武汉,湖北,-
101200106,,东西湖,武汉,湖北,-
101200107,,江岸,武汉,湖北,-
101200108,,江汉,武汉,湖北,-
101200109,,~口,武汉,湖北,-
101200110,,汉阳,武汉,湖北,-
101200111,,武昌,武汉,湖北,-
101200112,,青山,武汉,湖北,-
101200113,,洪山,武汉,湖北,-
101200114,,汉南,武汉,湖北,-
101200201,,城区,襄阳,湖北,true
101200202,,襄州,襄阳,湖北,-
101200203,,保康,襄阳,湖北,-
101200204,,南漳,襄阳,湖北,-
101200205,,宜城,襄阳,湖北,-
101200206,,老河口,襄阳,湖北,-
101200207,,谷城,襄阳,湖北,-
101200208,,枣阳,襄阳,湖北,-
101200209,,襄城,襄阳,湖北,-
101200210,,樊城,襄阳,湖北,-
101200301,,城区,鄂州,湖北,true
101200302,,梁子湖,鄂州,湖北,-
101200303,,华容,鄂州,湖北,-
101200304,,鄂城,鄂州,湖北,-
101200401,,城区,孝感,湖北,true
101200402,,安陆,孝感,湖北,-
101200403,,云梦,孝感,湖北,-
101200404,,大悟,孝感,湖北,-
101200405,,应城,孝感,湖北,-
101200406,,汉川,孝感,湖北,-
101200407,,孝昌,孝感,湖北,-
101200408,,孝南,孝感,湖北,-
101200501,,城区,黄冈,湖北,true
101200502,,红安,黄冈,湖北,-
101200503,,麻城,黄冈,湖北,-
101200504,,罗田,黄冈,湖北,-
101200505,,英山,黄冈,湖北,-
101200506,,浠水,黄冈,湖北,-
101200507,,蕲春,黄冈,湖北,-
101200508,,黄梅,黄冈,湖北,-
101200509,,武穴,黄冈,湖北,-
101200510,,团风,黄冈,湖北,-
101200511,,黄州,黄冈,湖北,-
101200601,,城区,黄石,湖北,true
101200602,,大冶,黄石,湖北,-
101200603,,阳新,黄石,湖北,-
101200604,,铁山,黄石,湖北,-
101200605,,下陆,黄石,湖北,-
101200606,,西塞山,黄石,湖北,-
101200607,,黄石港,黄石,湖北,-
101200701,,城区,咸宁,湖北,true
101200702,,赤壁,咸宁,湖北,-
101200703,,嘉鱼,咸宁,湖北,-
101200704,,崇阳,咸宁,湖北,-
101200705,,通城,咸宁,湖北,-
101200706,,通山,咸宁,湖北,-
101200707,,咸安,咸宁,湖北,-
101200801,,城区,荆州,湖北,true
101200802,,江陵,荆州,湖北,-
101200803,,公安,荆州,湖北,-
101200804,,石首,荆州,湖北,-
101200805,,监利,荆州,湖北,-
101200806,,洪湖,荆州,湖北,-
101200807,,松滋,荆州,湖北,-
101200808,,沙市,荆州,湖北,-
101200901,,城区,宜昌,湖北,true
101200902,,远安,宜昌,湖北,-
101200903,,秭归,宜昌,湖北,-
101200904,,兴山,宜昌,湖北,-
101200905,,西陵,宜昌,湖北,-
101200906,,五峰,宜昌,湖北,-
101200907,,当阳,宜昌,湖北,-
101200908,,长阳,宜昌,湖北,-
101200909,,宜都,宜昌,湖北,-
101200910,,枝江,宜昌,湖北,-
101200911,,三峡,宜昌,湖北,-
101200912,,夷陵,宜昌,湖北,-
101200913,,伍家岗,宜昌,湖北,-
101200914,,点军,宜昌,湖北,-
101200915,,V亭,宜昌,湖北,-
101201001,,城区,恩施,湖北,true
101201002,,利川,恩施,湖北,-
101201003,,建始,恩施,湖北,-
101201004,,咸丰,恩施,湖北,-
101201005,,宣恩,恩施,湖北,-
101201006,,鹤峰,恩施,湖北,-
101201007,,来凤,恩施,湖北,-
101201008,,巴东,恩施,湖北,-
101201101,,城区,十堰,湖北,true
101201102,,竹溪,十堰,湖北,-
101201103,,郧西,十堰,湖北,-
101201104,,郧阳,十堰,湖北,-
101201105,,竹山,十堰,湖北,-
101201106,,房县,十堰,湖北,-
101201107,,丹江口,十堰,湖北,-
101201108,,茅箭,十堰,湖北,-
101201109,,张湾,十堰,湖北,-
101201201,,城区,神农架,湖北,-
101201301,,城区,随州,湖北,true
101201302,,广水,随州,湖北,-
101201303,,曾都,随州,湖北,-
101201304,,随县,随州,湖北,-
101201401,,城区,荆门,湖北,true
101201402,,钟祥,荆门,湖北,-
101201403,,京山,荆门,湖北,-
101201404,,掇刀,荆门,湖北,-
101201405,,沙洋,荆门,湖北,-
101201406,,东宝,荆门,湖北,-
101201501,,城区,天门,湖北,-
101201601,,城区,仙桃,湖北,-
101201701,,城区,潜江,湖北,-
101210101,,城区,杭州,浙江,true
101210102,,萧山,杭州,浙江,-
101210103,,桐庐,杭州,浙江,-
101210104,,淳安,杭州,浙江,-
101210105,,建德,杭州,浙江,-
101210106,,余杭,杭州,浙江,-
101210107,,临安,杭州,浙江,true
101210108,,富阳,杭州,浙江,true
101210109,,上城,杭州,浙江,-
101210110,,下城,杭州,浙江,-
101210111,,江干,杭州,浙江,-
101210112,,拱墅,杭州,浙江,-
101210113,,西湖,杭州,浙江,-
101210114,,滨江,杭州,浙江,-
101210201,,城区,湖州,浙江,true
101210202,,长兴,湖州,浙江,-
101210203,,安吉,湖州,浙江,-
101210204,,德清,湖州,浙江,-
101210205,,吴兴,湖州,浙江,-
101210206,,南浔,湖州,浙江,-
101210301,,城区,嘉兴,浙江,true
101210302,,嘉善,嘉兴,浙江,-
101210303,,海宁,嘉兴,浙江,-
101210304,,桐乡,嘉兴,浙江,-
101210305,,平湖,嘉兴,浙江,-
101210306,,海盐,嘉兴,浙江,-
101210307,,南湖,嘉兴,浙江,-
101210308,,秀洲,嘉兴,浙江,-
101210401,,城区,宁波,浙江,true
101210402,,海曙,宁波,浙江,-
101210403,,慈溪,宁波,浙江,-
101210404,,余姚,宁波,浙江,-
101210405,,奉化,宁波,浙江,-
101210406,,象山,宁波,浙江,-
101210408,,宁海,宁波,浙江,-
101210409,,江北,宁波,浙江,-
101210410,,北仑,宁波,浙江,-
101210411,,鄞州,宁波,浙江,-
101210412,,镇海,宁波,浙江,-
101210501,,城区,绍兴,浙江,true
101210502,,诸暨,绍兴,浙江,true
101210503,,上虞,绍兴,浙江,-
101210504,,新昌,绍兴,浙江,-
101210505,,嵊州,绍兴,浙江,-
101210506,,柯桥,绍兴,浙江,-
101210507,,绍兴,绍兴,浙江,-
101210601,,城区,台州,浙江,true
101210603,,玉环,台州,浙江,-
101210604,,三门,台州,浙江,-
101210605,,天台,台州,浙江,-
101210606,,仙居,台州,浙江,-
101210607,,温岭,台州,浙江,-
101210610,,临海,台州,浙江,-
101210611,,椒江,台州,浙江,-
101210612,,黄岩,台州,浙江,-
101210613,,路桥,台州,浙江,-
101210701,,城区,温州,浙江,true
101210702,,泰顺,温州,浙江,-
101210703,,文成,温州,浙江,-
101210704,,平阳,温州,浙江,-
101210705,,瑞安,温州,浙江,-
101210706,,洞头,温州,浙江,-
101210707,,乐清,温州,浙江,-
101210708,,永嘉,温州,浙江,-
101210709,,苍南,温州,浙江,-
101210710,,鹿城,温州,浙江,-
101210711,,龙湾,温州,浙江,-
101210712,,瓯海,温州,浙江,-
101210801,,城区,丽水,浙江,true
101210802,,遂昌,丽水,浙江,-
101210803,,龙泉,丽水,浙江,-
101210804,,缙云,丽水,浙江,-
101210805,,青田,丽水,浙江,-
101210806,,云和,丽水,浙江,-
101210807,,庆元,丽水,浙江,-
101210808,,松阳,丽水,浙江,-
101210809,,景宁,丽水,浙江,-
101210810,,莲都,丽水,浙江,-
101210901,,城区,金华,浙江,true
101210902,,浦江,金华,浙江,-
101210903,,兰溪,金华,浙江,-
101210904,,义乌,金华,浙江,true
101210905,,东阳,金华,浙江,-
101210906,,武义,金华,浙江,-
101210907,,永康,金华,浙江,-
101210908,,磐安,金华,浙江,-
101210909,,婺城,金华,浙江,-
101210910,,金东,金华,浙江,-
101211001,,城区,衢州,浙江,true
101211002,,常山,衢州,浙江,-
101211003,,开化,衢州,浙江,-
101211004,,龙游,衢州,浙江,-
101211005,,江山,衢州,浙江,-
101211006,,衢江,衢州,浙江,-
101211007,,柯城,衢州,浙江,-
101211101,,城区,舟山,浙江,true
101211102,,嵊泗,舟山,浙江,-
101211104,,岱山,舟山,浙江,-
101211105,,普陀,舟山,浙江,-
101211106,,定海,舟山,浙江,-
101220101,,城区,合肥,安徽,true
101220102,,长丰,合肥,安徽,-
101220103,,肥东,合肥,安徽,-
101220104,,肥西,合肥,安徽,-
101220105,,巢湖,合肥,安徽,-
101220106,,庐江,合肥,安徽,-
101220107,,瑶海,合肥,安徽,-
101220108,,庐阳,合肥,安徽,-
101220109,,蜀山,合肥,安徽,-
101220110,,包河,合肥,安徽,-
101220201,,城区,蚌埠,安徽,true
101220202,,怀远,蚌埠,安徽,-
101220203,,固镇,蚌埠,安徽,-
101220204,,五河,蚌埠,安徽,-
101220205,,龙子湖,蚌埠,安徽,-
101220206,,蚌山,蚌埠,安徽,-
101220207,,禹会,蚌埠,安徽,-
101220208,,淮上,蚌埠,安徽,-
101220301,,城区,芜湖,安徽,true
101220302,,繁昌,芜湖,安徽,-
101220303,,芜湖县,芜湖,安徽,-
101220304,,南陵,芜湖,安徽,-
101220305,,无为,芜湖,安徽,-
101220306,,镜湖,芜湖,安徽,-
101220307,,弋江,芜湖,安徽,-
101220308,,鸠江,芜湖,安徽,-
101220309,,三山,芜湖,安徽,-
101220401,,城区,淮南,安徽,true
101220402,,凤台,淮南,安徽,-
101220403,,潘集,淮南,安徽,-
101220404,,大通,淮南,安徽,-
101220405,,田家庵,淮南,安徽,-
101220406,,谢家集,淮南,安徽,-
101220407,,八公山,淮南,安徽,-
101220408,,寿县,淮南,安徽,-
101220501,,城区,马鞍山,安徽,true
101220502,,当涂,马鞍山,安徽,-
101220503,,含山,马鞍山,安徽,-
101220504,,和县,马鞍山,安徽,-
101220505,,花山,马鞍山,安徽,-
101220506,,雨山,马鞍山,安徽,-
101220507,,博望,马鞍山,安徽,-
101220601,,城区,安庆,安徽,true
101220603,,太湖,安庆,安徽,-
101220604,,潜山,安庆,安徽,-
101220605,,怀宁,安庆,安徽,-
101220606,,宿松,安庆,安徽,-
101220607,,望江,安庆,安徽,-
101220608,,岳西,安庆,安徽,-
101220609,,桐城,安庆,安徽,-
101220610,,迎江,安庆,安徽,-
101220611,,大观,安庆,安徽,-
101220612,,宜秀,安庆,安徽,-
101220701,,城区,宿州,安徽,true
101220702,,砀山,宿州,安徽,-
101220703,,灵璧,宿州,安徽,-
101220704,,泗县,宿州,安徽,-
101220705,,萧县,宿州,安徽,-
101220706,,桥,宿州,安徽,-
101220801,,城区,阜阳,安徽,true
101220802,,阜南,阜阳,安徽,-
101220803,,颍上,阜阳,安徽,-
101220804,,临泉,阜阳,安徽,-
101220805,,界首,阜阳,安徽,-
101220806,,太和,阜阳,安徽,-
101220807,,颍州,阜阳,安徽,-
101220808,,颍东,阜阳,安徽,-
101220809,,颍泉,阜阳,安徽,-
101220901,,城区,亳州,安徽,true
101220902,,涡阳,亳州,安徽,-
101220903,,利辛,亳州,安徽,-
101220904,,蒙城,亳州,安徽,-
101220905,,谯城,亳州,安徽,-
101221001,,城区,黄山,安徽,true
101221002,,黄山区,黄山,安徽,-
101221003,,屯溪,黄山,安徽,-
101221004,,祁门,黄山,安徽,-
101221005,,黟县,黄山,安徽,-
101221006,,歙县,黄山,安徽,-
101221007,,休宁,黄山,安徽,-
101221008,,黄山风景区(光明顶),黄山,安徽,-
101221009,,徽州,黄山,安徽,-
101221101,,城区,滁州,安徽,true
101221102,,凤阳,滁州,安徽,-
101221103,,明光,滁州,安徽,-
101221104,,定远,滁州,安徽,-
101221105,,全椒,滁州,安徽,-
101221106,,来安,滁州,安徽,-
101221107,,天长,滁州,安徽,-
101221108,,琅琊,滁州,安徽,-
101221109,,南谯,滁州,安徽,-
101221201,,城区,淮北,安徽,true
101221202,,濉溪,淮北,安徽,-
101221203,,杜集,淮北,安徽,-
101221204,,相山,淮北,安徽,-
101221205,,烈山,淮北,安徽,-
101221301,,城区,铜陵,安徽,true
101221302,,铜官,铜陵,安徽,-
101221303,,义安,铜陵,安徽,-
101221304,,郊区,铜陵,安徽,-
101221305,,枞阳,铜陵,安徽,-
101221401,,城区,宣城,安徽,true
101221402,,泾县,宣城,安徽,-
101221403,,旌德,宣城,安徽,-
101221404,,宁国,宣城,安徽,-
101221405,,绩溪,宣城,安徽,-
101221406,,广德,宣城,安徽,-
101221407,,郎溪,宣城,安徽,-
101221408,,宣州,宣城,安徽,-
101221501,,城区,六安,安徽,true
101221502,,霍邱,六安,安徽,-
101221504,,金安,六安,安徽,-
101221505,,金寨,六安,安徽,-
101221506,,霍山,六安,安徽,-
101221507,,舒城,六安,安徽,-
101221508,,裕安,六安,安徽,-
101221509,,叶集,六安,安徽,-
101221701,,城区,池州,安徽,true
101221702,,东至,池州,安徽,-
101221703,,青阳,池州,安徽,-
101221704,,九华山,池州,安徽,-
101221705,,石台,池州,安徽,-
101221706,,贵池,池州,安徽,-
101230101,,城区,福州,福建,true
101230102,,闽清,福州,福建,-
101230103,,闽侯,福州,福建,-
101230104,,罗源,福州,福建,-
101230105,,连江,福州,福建,-
101230106,,鼓楼,福州,福建,-
101230107,,永泰,福州,福建,-
101230108,,平潭,福州,福建,-
101230109,,台江,福州,福建,-
101230110,,长乐,福州,福建,-
101230111,,福清,福州,福建,-
101230112,,仓山,福州,福建,-
101230113,,马尾,福州,福建,-
101230114,,晋安,福州,福建,-
101230201,,城区,厦门,福建,true
101230202,,同安,厦门,福建,-
101230203,,思明,厦门,福建,-
101230204,,海沧,厦门,福建,-
101230205,,湖里,厦门,福建,-
101230206,,集美,厦门,福建,-
101230207,,翔安,厦门,福建,-
101230301,,城区,宁德,福建,true
101230302,,古田,宁德,福建,-
101230303,,霞浦,宁德,福建,-
101230304,,寿宁,宁德,福建,-
101230305,,周宁,宁德,福建,-
101230306,,福安,宁德,福建,-
101230307,,柘荣,宁德,福建,-
101230308,,福鼎,宁德,福建,-
101230309,,屏南,宁德,福建,-
101230310,,蕉城,宁德,福建,-
101230401,,城区,莆田,福建,true
101230402,,仙游,莆田,福建,-
101230404,,涵江,莆田,福建,-
101230405,,秀屿,莆田,福建,-
101230406,,荔城,莆田,福建,-
101230407,,城厢,莆田,福建,-
101230501,,城区,泉州,福建,true
101230502,,安溪,泉州,福建,-
101230503,,金门,泉州,福建,-
101230504,,永春,泉州,福建,-
101230505,,德化,泉州,福建,-
101230506,,南安,泉州,福建,-
101230507,,崇武,泉州,福建,-
101230508,,惠安,泉州,福建,-
101230509,,晋江,泉州,福建,-
101230510,,石狮,泉州,福建,-
101230511,,鲤城,泉州,福建,-
101230512,,丰泽,泉州,福建,-
101230513,,洛江,泉州,福建,-
101230514,,泉港,泉州,福建,-
101230601,,城区,漳州,福建,true
101230602,,长泰,漳州,福建,-
101230603,,南靖,漳州,福建,-
101230604,,平和,漳州,福建,-
101230605,,龙海,漳州,福建,-
101230606,,漳浦,漳州,福建,-
101230607,,诏安,漳州,福建,-
101230608,,东山,漳州,福建,-
101230609,,云霄,漳州,福建,-
101230610,,华安,漳州,福建,-
101230611,,芗城,漳州,福建,-
101230612,,龙文,漳州,福建,-
101230701,,城区,龙岩,福建,true
101230702,,长汀,龙岩,福建,-
101230703,,连城,龙岩,福建,-
101230704,,武平,龙岩,福建,-
101230705,,上杭,龙岩,福建,-
101230706,,永定,龙岩,福建,-
101230707,,漳平,龙岩,福建,-
101230708,,新罗,龙岩,福建,-
101230801,,城区,三明,福建,true
101230802,,宁化,三明,福建,-
101230803,,清流,三明,福建,-
101230804,,泰宁,三明,福建,-
101230805,,将乐,三明,福建,-
101230806,,建宁,三明,福建,-
101230807,,明溪,三明,福建,-
101230808,,沙县,三明,福建,-
101230809,,尤溪,三明,福建,-
101230810,,永安,三明,福建,-
101230811,,大田,三明,福建,-
101230812,,梅列,三明,福建,-
101230813,,三元,三明,福建,-
101230901,,城区,南平,福建,true
101230902,,顺昌,南平,福建,-
101230903,,光泽,南平,福建,-
101230904,,邵武,南平,福建,-
101230905,,武夷山,南平,福建,-
101230906,,浦城,南平,福建,-
101230907,,建阳,南平,福建,-
101230908,,松溪,南平,福建,-
101230909,,政和,南平,福建,-
101230910,,建瓯,南平,福建,-
101230911,,延平,南平,福建,-
101231001,,城区,钓鱼岛,福建,-
101240101,,城区,南昌,江西,true
101240102,,新建,南昌,江西,-
101240103,,南昌县,南昌,江西,-
101240104,,安义,南昌,江西,-
101240105,,进贤,南昌,江西,-
101240106,,东湖,南昌,江西,-
101240107,,西湖,南昌,江西,-
101240108,,青云谱,南昌,江西,-
101240109,,湾里,南昌,江西,-
101240110,,青山湖,南昌,江西,-
101240201,,城区,九江,江西,true
101240202,,瑞昌,九江,江西,-
101240203,,庐山,九江,江西,-
101240204,,武宁,九江,江西,-
101240205,,德安,九江,江西,-
101240206,,永修,九江,江西,-
101240207,,湖口,九江,江西,-
101240208,,彭泽,九江,江西,-
101240210,,都昌,九江,江西,-
101240211,,浔阳,九江,江西,-
101240212,,修水,九江,江西,-
101240213,,共青城,九江,江西,-
101240214,,濂溪,九江,江西,-
101240215,,柴桑,九江,江西,-
101240301,,城区,上饶,江西,true
101240302,,鄱阳,上饶,江西,-
101240303,,婺源,上饶,江西,-
101240304,,信州,上饶,江西,-
101240305,,余干,上饶,江西,-
101240306,,万年,上饶,江西,-
101240307,,德兴,上饶,江西,-
101240308,,上饶县,上饶,江西,-
101240309,,弋阳,上饶,江西,-
101240310,,横峰,上饶,江西,-
101240311,,铅山,上饶,江西,-
101240312,,玉山,上饶,江西,-
101240313,,广丰,上饶,江西,-
101240401,,城区,抚州,江西,true
101240402,,广昌,抚州,江西,-
101240403,,乐安,抚州,江西,-
101240404,,崇仁,抚州,江西,-
101240405,,金溪,抚州,江西,-
101240406,,资溪,抚州,江西,-
101240407,,宜黄,抚州,江西,-
101240408,,南城,抚州,江西,-
101240409,,南丰,抚州,江西,-
101240410,,黎川,抚州,江西,-
101240411,,东乡,抚州,江西,-
101240412,,临川,抚州,江西,-
101240501,,城区,宜春,江西,true
101240502,,铜鼓,宜春,江西,-
101240503,,宜丰,宜春,江西,-
101240504,,万载,宜春,江西,-
101240505,,上高,宜春,江西,-
101240506,,靖安,宜春,江西,-
101240507,,奉新,宜春,江西,-
101240508,,高安,宜春,江西,-
101240509,,樟树,宜春,江西,-
101240510,,丰城,宜春,江西,-
101240511,,袁州,宜春,江西,-
101240601,,城区,吉安,江西,true
101240602,,吉安县,吉安,江西,-
101240603,,吉水,吉安,江西,-
101240604,,新干,吉安,江西,-
101240605,,峡江,吉安,江西,-
101240606,,永丰,吉安,江西,-
101240607,,永新,吉安,江西,-
101240608,,井冈山,吉安,江西,-
101240609,,万安,吉安,江西,-
101240610,,遂川,吉安,江西,-
101240611,,泰和,吉安,江西,-
101240612,,安福,吉安,江西,-
101240614,,吉州,吉安,江西,-
101240615,,青原,吉安,江西,-
101240616,,厦坪,吉安,江西,-
101240701,,城区,赣州,江西,true
101240702,,崇义,赣州,江西,-
101240703,,上犹,赣州,江西,-
101240704,,南康,赣州,江西,-
101240705,,大余,赣州,江西,-
101240706,,信丰,赣州,江西,-
101240707,,宁都,赣州,江西,-
101240708,,石城,赣州,江西,-
101240709,,瑞金,赣州,江西,-
101240710,,于都,赣州,江西,-
101240711,,会昌,赣州,江西,-
101240712,,安远,赣州,江西,-
101240713,,全南,赣州,江西,-
101240714,,龙南,赣州,江西,-
101240715,,定南,赣州,江西,-
101240716,,寻乌,赣州,江西,-
101240717,,兴国,赣州,江西,-
101240718,,赣县,赣州,江西,-
101240719,,章贡,赣州,江西,-
101240801,,城区,景德镇,江西,true
101240802,,乐平,景德镇,江西,-
101240803,,浮梁,景德镇,江西,-
101240804,,昌江,景德镇,江西,-
101240805,,珠山,景德镇,江西,-
101240901,,城区,萍乡,江西,true
101240902,,莲花,萍乡,江西,-
101240903,,上栗,萍乡,江西,-
101240904,,安源,萍乡,江西,-
101240905,,芦溪,萍乡,江西,-
101240906,,湘东,萍乡,江西,-
101241001,,城区,新余,江西,true
101241002,,分宜,新余,江西,-
101241003,,渝水,新余,江西,-
101241101,,城区,鹰潭,江西,true
101241102,,余江,鹰潭,江西,-
101241103,,贵溪,鹰潭,江西,-
101241104,,月湖,鹰潭,江西,-
101250101,,城区,长沙,湖南,true
101250102,,宁乡,长沙,湖南,-
101250103,,浏阳,长沙,湖南,-
101250104,,湘江新区,长沙,湖南,-
101250105,,望城,长沙,湖南,-
101250106,,长沙县,长沙,湖南,-
101250107,,芙蓉,长沙,湖南,-
101250108,,天心,长沙,湖南,-
101250109,,岳麓,长沙,湖南,-
101250110,,开福,长沙,湖南,-
101250111,,雨花,长沙,湖南,-
101250201,,城区,湘潭,湖南,true
101250202,,韶山,湘潭,湖南,-
101250203,,湘乡,湘潭,湖南,-
101250204,,雨湖,湘潭,湖南,-
101250205,,岳塘,湘潭,湖南,-
101250301,,城区,株洲,湖南,true
101250302,,攸县,株洲,湖南,-
101250303,,醴陵,株洲,湖南,-
101250304,,荷塘,株洲,湖南,-
101250305,,茶陵,株洲,湖南,-
101250306,,炎陵,株洲,湖南,-
101250307,,芦淞,株洲,湖南,-
101250308,,石峰,株洲,湖南,-
101250309,,天元,株洲,湖南,-
101250401,,城区,衡阳,湖南,true
101250402,,衡山,衡阳,湖南,-
101250403,,衡东,衡阳,湖南,-
101250404,,祁东,衡阳,湖南,-
101250405,,衡阳县,衡阳,湖南,-
101250406,,常宁,衡阳,湖南,-
101250407,,衡南,衡阳,湖南,-
101250408,,耒阳,衡阳,湖南,-
101250409,,南岳,衡阳,湖南,-
101250410,,珠晖,衡阳,湖南,-
101250411,,雁峰,衡阳,湖南,-
101250412,,石鼓,衡阳,湖南,-
101250413,,蒸湘,衡阳,湖南,-
101250501,,城区,郴州,湖南,true
101250502,,桂阳,郴州,湖南,-
101250503,,嘉禾,郴州,湖南,-
101250504,,宜章,郴州,湖南,-
101250505,,临武,郴州,湖南,-
101250506,,北湖,郴州,湖南,-
101250507,,资兴,郴州,湖南,-
101250508,,汝城,郴州,湖南,-
101250509,,安仁,郴州,湖南,-
101250510,,永兴,郴州,湖南,-
101250511,,桂东,郴州,湖南,-
101250512,,苏仙,郴州,湖南,-
101250601,,城区,常德,湖南,true
101250602,,安乡,常德,湖南,-
101250603,,桃源,常德,湖南,-
101250604,,汉寿,常德,湖南,-
101250605,,澧县,常德,湖南,-
101250606,,临澧,常德,湖南,-
101250607,,石门,常德,湖南,-
101250608,,津市,常德,湖南,-
101250609,,武陵,常德,湖南,-
101250610,,鼎城,常德,湖南,-
101250700,,城区,益阳,湖南,true
101250701,,赫山区,益阳,湖南,-
101250702,,南县,益阳,湖南,-
101250703,,桃江,益阳,湖南,-
101250704,,安化,益阳,湖南,-
101250705,,沅江,益阳,湖南,-
101250706,,资阳,益阳,湖南,-
101250801,,城区,娄底,湖南,true
101250802,,双峰,娄底,湖南,-
101250803,,冷水江,娄底,湖南,-
101250804,,娄星,娄底,湖南,-
101250805,,新化,娄底,湖南,-
101250806,,涟源,娄底,湖南,-
101250901,,城区,邵阳,湖南,true
101250902,,隆回,邵阳,湖南,-
101250903,,洞口,邵阳,湖南,-
101250904,,新邵,邵阳,湖南,-
101250905,,邵东,邵阳,湖南,-
101250906,,绥宁,邵阳,湖南,-
101250907,,新宁,邵阳,湖南,-
101250908,,武冈,邵阳,湖南,-
101250909,,城步,邵阳,湖南,-
101250910,,邵阳县,邵阳,湖南,-
101250911,,双清,邵阳,湖南,-
101250912,,大祥,邵阳,湖南,-
101250913,,北塔,邵阳,湖南,-
101251001,,城区,岳阳,湖南,true
101251002,,华容,岳阳,湖南,-
101251003,,湘阴,岳阳,湖南,-
101251004,,汨罗,岳阳,湖南,-
101251005,,平江,岳阳,湖南,-
101251006,,临湘,岳阳,湖南,-
101251007,,岳阳楼区,岳阳,湖南,-
101251008,,云溪,岳阳,湖南,-
101251009,,君山,岳阳,湖南,-
101251101,,城区,张家界,湖南,true
101251102,,桑植,张家界,湖南,-
101251103,,慈利,张家界,湖南,-
101251104,,武陵源,张家界,湖南,-
101251105,,永定,张家界,湖南,-
101251201,,城区,怀化,湖南,true
101251202,,鹤城,怀化,湖南,-
101251203,,沅陵,怀化,湖南,-
101251204,,辰溪,怀化,湖南,-
101251205,,靖州,怀化,湖南,-
101251206,,会同,怀化,湖南,-
101251207,,通道,怀化,湖南,-
101251208,,麻阳,怀化,湖南,-
101251209,,新晃,怀化,湖南,-
101251210,,芷江,怀化,湖南,-
101251211,,溆浦,怀化,湖南,-
101251212,,中方,怀化,湖南,-
101251213,,洪江,怀化,湖南,-
101251401,,城区,永州,湖南,true
101251402,,祁阳,永州,湖南,-
101251403,,东安,永州,湖南,-
101251404,,双牌,永州,湖南,-
101251405,,道县,永州,湖南,-
101251406,,宁远,永州,湖南,-
101251407,,江永,永州,湖南,-
101251408,,蓝山,永州,湖南,-
101251409,,新田,永州,湖南,-
101251410,,江华,永州,湖南,-
101251411,,冷水滩,永州,湖南,-
101251412,,零陵,永州,湖南,-
101251501,,城区,湘西,湖南,true
101251502,,保靖,湘西,湖南,-
101251503,,永顺,湘西,湖南,-
101251504,,古丈,湘西,湖南,-
101251505,,凤凰,湘西,湖南,-
101251506,,泸溪,湘西,湖南,-
101251507,,龙山,湘西,湖南,-
101251508,,花垣,湘西,湖南,-
101251509,,湘西,湘西,湖南,-
101260101,,城区,贵阳,贵州,true
101260102,,白云,贵阳,贵州,-
101260103,,花溪,贵阳,贵州,-
101260104,,乌当,贵阳,贵州,-
101260105,,息烽,贵阳,贵州,-
101260106,,开阳,贵阳,贵州,-
101260107,,修文,贵阳,贵州,-
101260108,,清镇,贵阳,贵州,-
101260110,,云岩,贵阳,贵州,-
101260111,,南明,贵阳,贵州,-
101260112,,观山湖,贵阳,贵州,-
101260201,,城区,遵义,贵州,true
101260203,,仁怀,遵义,贵州,-
101260204,,绥阳,遵义,贵州,-
101260205,,湄潭,遵义,贵州,-
101260206,,凤冈,遵义,贵州,-
101260207,,桐梓,遵义,贵州,-
101260208,,赤水,遵义,贵州,-
101260209,,习水,遵义,贵州,-
101260210,,道真,遵义,贵州,-
101260211,,正安,遵义,贵州,-
101260212,,务川,遵义,贵州,-
101260213,,余庆,遵义,贵州,-
101260214,,汇川,遵义,贵州,-
101260215,,红花岗,遵义,贵州,-
101260216,,播州,遵义,贵州,-
101260301,,城区,安顺,贵州,true
101260302,,普定,安顺,贵州,-
101260303,,镇宁,安顺,贵州,-
101260304,,平坝,安顺,贵州,-
101260305,,紫云,安顺,贵州,-
101260306,,关岭,安顺,贵州,-
101260307,,西秀,安顺,贵州,-
101260401,,城区,黔南,贵州,true
101260402,,贵定,黔南,贵州,-
101260403,,瓮安,黔南,贵州,-
101260404,,长顺,黔南,贵州,-
101260405,,福泉,黔南,贵州,-
101260406,,惠水,黔南,贵州,-
101260407,,龙里,黔南,贵州,-
101260408,,罗甸,黔南,贵州,-
101260409,,平塘,黔南,贵州,-
101260410,,独山,黔南,贵州,-
101260411,,三都,黔南,贵州,-
101260412,,荔波,黔南,贵州,-
101260413,,黔南,黔南,贵州,-
101260501,,城区,黔东南,贵州,true
101260502,,岑巩,黔东南,贵州,-
101260503,,施秉,黔东南,贵州,-
101260504,,镇远,黔东南,贵州,-
101260505,,黄平,黔东南,贵州,-
101260506,,黔东南,黔东南,贵州,-
101260507,,麻江,黔东南,贵州,-
101260508,,丹寨,黔东南,贵州,-
101260509,,三穗,黔东南,贵州,-
101260510,,台江,黔东南,贵州,-
101260511,,剑河,黔东南,贵州,-
101260512,,雷山,黔东南,贵州,-
101260513,,黎平,黔东南,贵州,-
101260514,,天柱,黔东南,贵州,-
101260515,,锦屏,黔东南,贵州,-
101260516,,榕江,黔东南,贵州,-
101260517,,从江,黔东南,贵州,-
101260601,,城区,铜仁,贵州,true
101260602,,江口,铜仁,贵州,-
101260603,,玉屏,铜仁,贵州,-
101260604,,万山,铜仁,贵州,-
101260605,,思南,铜仁,贵州,-
101260606,,碧江,铜仁,贵州,-
101260607,,印江,铜仁,贵州,-
101260608,,石阡,铜仁,贵州,-
101260609,,沿河,铜仁,贵州,-
101260610,,德江,铜仁,贵州,-
101260611,,松桃,铜仁,贵州,-
101260701,,城区,毕节,贵州,true
101260702,,赫章,毕节,贵州,-
101260703,,金沙,毕节,贵州,-
101260704,,威宁,毕节,贵州,-
101260705,,大方,毕节,贵州,-
101260706,,纳雍,毕节,贵州,-
101260707,,织金,毕节,贵州,-
101260708,,黔西,毕节,贵州,-
101260709,,七星关,毕节,贵州,-
101260801,,城区,六盘水,贵州,true
101260802,,六枝,六盘水,贵州,-
101260803,,六盘水,六盘水,贵州,-
101260804,,盘州,六盘水,贵州,-
101260805,,钟山,六盘水,贵州,-
101260901,,城区,黔西南,贵州,true
101260902,,晴隆,黔西南,贵州,-
101260903,,兴仁,黔西南,贵州,-
101260904,,贞丰,黔西南,贵州,-
101260905,,望谟,黔西南,贵州,-
101260906,,黔西南,黔西南,贵州,-
101260907,,安龙,黔西南,贵州,-
101260908,,册亨,黔西南,贵州,-
101260909,,普安,黔西南,贵州,-
101270101,,城区,成都,四川,true
101270102,,龙泉驿,成都,四川,-
101270103,,新都,成都,四川,-
101270104,,温江,成都,四川,-
101270105,,金堂,成都,四川,-
101270106,,双流,成都,四川,-
101270107,,郫都,成都,四川,-
101270108,,大邑,成都,四川,-
101270109,,蒲江,成都,四川,-
101270110,,新津,成都,四川,-
101270111,,都江堰,成都,四川,-
101270112,,彭州,成都,四川,-
101270113,,邛崃,成都,四川,-
101270114,,崇州,成都,四川,-
101270115,,青白江,成都,四川,-
101270116,,锦江,成都,四川,-
101270117,,青羊,成都,四川,-
101270118,,金牛,成都,四川,-
101270119,,武侯,成都,四川,-
101270120,,成华,成都,四川,-
101270121,,简阳,成都,四川,-
101270201,,城区,攀枝花,四川,true
101270202,,仁和,攀枝花,四川,-
101270203,,米易,攀枝花,四川,-
101270204,,盐边,攀枝花,四川,-
101270205,,东区,攀枝花,四川,-
101270206,,西区,攀枝花,四川,-
101270301,,城区,自贡,四川,true
101270302,,富顺,自贡,四川,-
101270303,,荣县,自贡,四川,-
101270304,,自流井,自贡,四川,-
101270305,,贡井,自贡,四川,-
101270306,,大安,自贡,四川,-
101270307,,沿滩,自贡,四川,-
101270401,,城区,绵阳,四川,true
101270402,,三台,绵阳,四川,-
101270403,,盐亭,绵阳,四川,-
101270405,,梓潼,绵阳,四川,-
101270406,,北川,绵阳,四川,-
101270407,,平武,绵阳,四川,-
101270408,,江油,绵阳,四川,-
101270409,,涪城,绵阳,四川,-
101270410,,游仙,绵阳,四川,-
101270411,,安州,绵阳,四川,-
101270501,,城区,南充,四川,true
101270502,,南部,南充,四川,-
101270503,,营山,南充,四川,-
101270504,,蓬安,南充,四川,-
101270505,,仪陇,南充,四川,-
101270506,,西充,南充,四川,-
101270507,,阆中,南充,四川,-
101270508,,顺庆,南充,四川,-
101270509,,高坪,南充,四川,-
101270510,,嘉陵,南充,四川,-
101270601,,城区,达州,四川,true
101270602,,宣汉,达州,四川,-
101270603,,开江,达州,四川,-
101270604,,大竹,达州,四川,-
101270605,,渠县,达州,四川,-
101270606,,万源,达州,四川,-
101270607,,通川,达州,四川,-
101270608,,达川,达州,四川,-
101270701,,城区,遂宁,四川,true
101270702,,蓬溪,遂宁,四川,-
101270703,,射洪,遂宁,四川,-
101270704,,船山,遂宁,四川,-
101270705,,安居,遂宁,四川,-
101270706,,大英,遂宁,四川,-
101270801,,城区,广安,四川,true
101270802,,岳池,广安,四川,-
101270803,,武胜,广安,四川,-
101270804,,邻水,广安,四川,-
101270805,,华蓥,广安,四川,-
101270806,,前锋,广安,四川,-
101270901,,城区,巴中,四川,true
101270902,,通江,巴中,四川,-
101270903,,南江,巴中,四川,-
101270904,,平昌,巴中,四川,-
101270905,,巴州,巴中,四川,-
101270906,,恩阳,巴中,四川,-
101271001,,城区,泸州,四川,true
101271002,,江阳,泸州,四川,-
101271003,,泸县,泸州,四川,-
101271004,,合江,泸州,四川,-
101271005,,叙永,泸州,四川,-
101271006,,古蔺,泸州,四川,-
101271007,,纳溪,泸州,四川,-
101271008,,龙马潭,泸州,四川,-
101271101,,城区,宜宾,四川,true
101271102,,翠屏,宜宾,四川,-
101271103,,宜宾县,宜宾,四川,-
101271104,,南溪,宜宾,四川,-
101271105,,江安,宜宾,四川,-
101271106,,长宁,宜宾,四川,-
101271107,,高县,宜宾,四川,-
101271108,,珙县,宜宾,四川,-
101271109,,筠连,宜宾,四川,-
101271110,,兴文,宜宾,四川,-
101271111,,屏山,宜宾,四川,-
101271201,,城区,内江,四川,true
101271202,,东兴,内江,四川,-
101271203,,威远,内江,四川,-
101271204,,资中,内江,四川,-
101271205,,隆昌,内江,四川,-
101271206,,市中,内江,四川,-
101271301,,城区,资阳,四川,true
101271302,,安岳,资阳,四川,-
101271303,,乐至,资阳,四川,-
101271305,,雁江,资阳,四川,-
101271401,,城区,乐山,四川,true
101271402,,犍为,乐山,四川,-
101271403,,井研,乐山,四川,-
101271404,,夹江,乐山,四川,-
101271405,,沐川,乐山,四川,-
101271406,,峨边,乐山,四川,-
101271407,,马边,乐山,四川,-
101271409,,峨眉山,乐山,四川,-
101271410,,市中,乐山,四川,-
101271411,,沙湾,乐山,四川,-
101271412,,五通桥,乐山,四川,-
101271413,,金口河,乐山,四川,-
101271414,,峨眉山市,乐山,四川,-
101271501,,城区,眉山,四川,true
101271502,,仁寿,眉山,四川,-
101271503,,彭山,眉山,四川,-
101271504,,洪雅,眉山,四川,-
101271505,,丹棱,眉山,四川,-
101271506,,青神,眉山,四川,-
101271507,,东坡,眉山,四川,-
101271601,,城区,凉山,四川,true
101271603,,木里,凉山,四川,-
101271604,,盐源,凉山,四川,-
101271605,,德昌,凉山,四川,-
101271606,,会理,凉山,四川,-
101271607,,会东,凉山,四川,-
101271608,,宁南,凉山,四川,-
101271609,,普格,凉山,四川,-
101271610,,西昌,凉山,四川,-
101271611,,金阳,凉山,四川,-
101271612,,昭觉,凉山,四川,-
101271613,,喜德,凉山,四川,-
101271614,,冕宁,凉山,四川,-
101271615,,越西,凉山,四川,-
101271616,,甘洛,凉山,四川,-
101271617,,雷波,凉山,四川,-
101271618,,美姑,凉山,四川,-
101271619,,布拖,凉山,四川,-
101271701,,城区,雅安,四川,true
101271702,,名山,雅安,四川,-
101271703,,荥经,雅安,四川,-
101271704,,汉源,雅安,四川,-
101271705,,石棉,雅安,四川,-
101271706,,天全,雅安,四川,-
101271707,,芦山,雅安,四川,-
101271708,,宝兴,雅安,四川,-
101271709,,雨城,雅安,四川,-
101271801,,城区,甘孜,四川,true
101271802,,康定,甘孜,四川,-
101271803,,泸定,甘孜,四川,-
101271804,,丹巴,甘孜,四川,-
101271805,,九龙,甘孜,四川,-
101271806,,雅江,甘孜,四川,-
101271807,,道孚,甘孜,四川,-
101271808,,炉霍,甘孜,四川,-
101271809,,新龙,甘孜,四川,-
101271810,,德格,甘孜,四川,-
101271811,,白玉,甘孜,四川,-
101271812,,石渠,甘孜,四川,-
101271813,,色达,甘孜,四川,-
101271814,,理塘,甘孜,四川,-
101271815,,巴塘,甘孜,四川,-
101271816,,乡城,甘孜,四川,-
101271817,,稻城,甘孜,四川,-
101271818,,得荣,甘孜,四川,-
101271901,,城区,阿坝,四川,true
101271902,,汶川,阿坝,四川,-
101271903,,理县,阿坝,四川,-
101271904,,茂县,阿坝,四川,-
101271905,,松潘,阿坝,四川,-
101271906,,九寨沟,阿坝,四川,-
101271907,,金川,阿坝,四川,-
101271908,,小金,阿坝,四川,-
101271909,,黑水,阿坝,四川,-
101271910,,马尔康,阿坝,四川,-
101271911,,壤塘,阿坝,四川,-
101271912,,若尔盖,阿坝,四川,-
101271913,,红原,阿坝,四川,-
101272001,,城区,德阳,四川,true
101272002,,中江,德阳,四川,-
101272003,,广汉,德阳,四川,-
101272004,,什邡,德阳,四川,-
101272005,,绵竹,德阳,四川,-
101272006,,罗江,德阳,四川,-
101272007,,旌阳,德阳,四川,-
101272101,,城区,广元,四川,true
101272102,,旺苍,广元,四川,-
101272103,,青川,广元,四川,-
101272104,,剑阁,广元,四川,-
101272105,,苍溪,广元,四川,-
101272106,,利州,广元,四川,-
101272107,,昭化,广元,四川,-
101272108,,朝天,广元,四川,-
101280101,,城区,广州,广东,true
101280102,,番禺,广州,广东,-
101280103,,从化,广州,广东,-
101280104,,增城,广州,广东,-
101280105,,花都,广州,广东,-
101280106,,荔湾,广州,广东,-
101280107,,越秀,广州,广东,-
101280108,,海珠,广州,广东,-
101280109,,天河,广州,广东,-
101280110,,白云,广州,广东,-
101280111,,黄埔,广州,广东,-
101280112,,南沙,广州,广东,-
101280201,,城区,韶关,广东,true
101280202,,乳源,韶关,广东,-
101280203,,始兴,韶关,广东,-
101280204,,翁源,韶关,广东,-
101280205,,乐昌,韶关,广东,-
101280206,,仁化,韶关,广东,-
101280207,,南雄,韶关,广东,-
101280208,,新丰,韶关,广东,-
101280209,,曲江,韶关,广东,-
101280210,,浈江,韶关,广东,-
101280211,,武江,韶关,广东,-
101280301,,城区,惠州,广东,true
101280302,,博罗,惠州,广东,-
101280303,,惠阳,惠州,广东,-
101280304,,惠东,惠州,广东,-
101280305,,龙门,惠州,广东,-
101280306,,惠城,惠州,广东,-
101280401,,城区,梅州,广东,true
101280402,,兴宁,梅州,广东,-
101280403,,蕉岭,梅州,广东,-
101280404,,大埔,梅州,广东,-
101280405,,梅江,梅州,广东,-
101280406,,丰顺,梅州,广东,-
101280407,,平远,梅州,广东,-
101280408,,五华,梅州,广东,-
101280409,,梅县,梅州,广东,-
101280501,,城区,汕头,广东,true
101280502,,潮阳,汕头,广东,-
101280503,,澄海,汕头,广东,-
101280504,,南澳,汕头,广东,-
101280505,,龙湖,汕头,广东,-
101280506,,金平,汕头,广东,-
101280507,,濠江,汕头,广东,-
101280508,,潮南,汕头,广东,-
101280601,,城区,深圳,广东,true
101280602,,罗湖,深圳,广东,-
101280603,,福田,深圳,广东,-
101280604,,南山,深圳,广东,-
101280605,,宝安,深圳,广东,-
101280606,,龙岗,深圳,广东,-
101280607,,盐田,深圳,广东,-
101280608,,龙华,深圳,广东,-
101280609,,坪山,深圳,广东,-
101280701,,城区,珠海,广东,true
101280702,,斗门,珠海,广东,-
101280703,,金湾,珠海,广东,-
101280704,,香洲,珠海,广东,-
101280800,,城区,佛山,广东,true
101280801,,顺德,佛山,广东,-
101280802,,三水,佛山,广东,-
101280803,,南海,佛山,广东,-
101280804,,高明,佛山,广东,-
101280805,,禅城,佛山,广东,-
101280901,,城区,肇庆,广东,true
101280902,,广宁,肇庆,广东,-
101280903,,四会,肇庆,广东,-
101280904,,端州,肇庆,广东,-
101280905,,德庆,肇庆,广东,-
101280906,,怀集,肇庆,广东,-
101280907,,封开,肇庆,广东,-
101280908,,高要,肇庆,广东,-
101280909,,鼎湖,肇庆,广东,-
101281001,,城区,湛江,广东,true
101281002,,吴川,湛江,广东,-
101281003,,雷州,湛江,广东,-
101281004,,徐闻,湛江,广东,-
101281005,,廉江,湛江,广东,-
101281006,,赤坎,湛江,广东,-
101281007,,遂溪,湛江,广东,-
101281008,,坡头,湛江,广东,-
101281009,,霞山,湛江,广东,-
101281010,,麻章,湛江,广东,-
101281101,,城区,江门,广东,true
101281103,,开平,江门,广东,-
101281104,,新会,江门,广东,-
101281105,,恩平,江门,广东,-
101281106,,台山,江门,广东,-
101281107,,蓬江,江门,广东,-
101281108,,鹤山,江门,广东,-
101281109,,江海,江门,广东,-
101281201,,城区,河源,广东,true
101281202,,紫金,河源,广东,-
101281203,,连平,河源,广东,-
101281204,,和平,河源,广东,-
101281205,,龙川,河源,广东,-
101281206,,东源,河源,广东,-
101281207,,源城,河源,广东,-
101281301,,城区,清远,广东,true
101281302,,连南,清远,广东,-
101281303,,连州,清远,广东,-
101281304,,连山,清远,广东,-
101281305,,阳山,清远,广东,-
101281306,,佛冈,清远,广东,-
101281307,,英德,清远,广东,-
101281308,,清新,清远,广东,-
101281309,,清城,清远,广东,-
101281401,,城区,云浮,广东,true
101281402,,罗定,云浮,广东,-
101281403,,新兴,云浮,广东,-
101281404,,郁南,云浮,广东,-
101281405,,云城,云浮,广东,-
101281406,,云安,云浮,广东,-
101281501,,城区,潮州,广东,true
101281502,,饶平,潮州,广东,-
101281503,,潮安,潮州,广东,-
101281504,,湘桥,潮州,广东,-
101281601,,城区,东莞,广东,true
101281701,,城区,中山,广东,true
101281801,,城区,阳江,广东,true
101281802,,阳春,阳江,广东,-
101281803,,阳东,阳江,广东,-
101281804,,阳西,阳江,广东,-
101281805,,江城,阳江,广东,-
101281901,,城区,揭阳,广东,true
101281902,,揭西,揭阳,广东,-
101281903,,普宁,揭阳,广东,-
101281904,,惠来,揭阳,广东,-
101281905,,揭东,揭阳,广东,-
101281906,,榕城,揭阳,广东,-
101282001,,城区,茂名,广东,true
101282002,,高州,茂名,广东,-
101282003,,化州,茂名,广东,-
101282004,,电白,茂名,广东,-
101282005,,信宜,茂名,广东,-
101282007,,茂南,茂名,广东,-
101282101,,城区,汕尾,广东,true
101282102,,海丰,汕尾,广东,-
101282103,,陆丰,汕尾,广东,-
101282104,,陆河,汕尾,广东,-
101290101,,城区,昆明,云南,true
101290102,,五华,昆明,云南,-
101290103,,东川,昆明,云南,-
101290104,,寻甸,昆明,云南,-
101290105,,晋宁,昆明,云南,-
101290106,,宜良,昆明,云南,-
101290107,,石林,昆明,云南,-
101290108,,呈贡,昆明,云南,-
101290109,,富民,昆明,云南,-
101290110,,嵩明,昆明,云南,-
101290111,,禄劝,昆明,云南,-
101290112,,安宁,昆明,云南,-
101290113,,太华山,昆明,云南,-
101290114,,盘龙,昆明,云南,-
101290115,,官渡,昆明,云南,-
101290116,,西山,昆明,云南,-
101290201,,城区,大理,云南,true
101290202,,云龙,大理,云南,-
101290203,,漾濞,大理,云南,-
101290204,,永平,大理,云南,-
101290205,,宾川,大理,云南,-
101290206,,弥渡,大理,云南,-
101290207,,祥云,大理,云南,-
101290208,,巍山,大理,云南,-
101290209,,剑川,大理,云南,-
101290210,,洱源,大理,云南,-
101290211,,鹤庆,大理,云南,-
101290212,,南涧,大理,云南,-
101290301,,城区,红河,云南,true
101290302,,石屏,红河,云南,-
101290303,,建水,红河,云南,-
101290304,,弥勒,红河,云南,-
101290305,,元阳,红河,云南,-
101290306,,绿春,红河,云南,-
101290307,,开远,红河,云南,-
101290308,,个旧,红河,云南,-
101290309,,蒙自,红河,云南,-
101290310,,屏边,红河,云南,-
101290311,,泸西,红河,云南,-
101290312,,金平,红河,云南,-
101290313,,河口,红河,云南,-
101290401,,城区,曲靖,云南,true
101290402,,沾益,曲靖,云南,-
101290403,,陆良,曲靖,云南,-
101290404,,富源,曲靖,云南,-
101290405,,马龙,曲靖,云南,-
101290406,,师宗,曲靖,云南,-
101290407,,罗平,曲靖,云南,-
101290408,,会泽,曲靖,云南,-
101290409,,宣威,曲靖,云南,-
101290410,,麒麟,曲靖,云南,-
101290501,,城区,保山,云南,true
101290502,,隆阳,保山,云南,-
101290503,,龙陵,保山,云南,-
101290504,,施甸,保山,云南,-
101290505,,昌宁,保山,云南,-
101290506,,腾冲,保山,云南,-
101290601,,城区,文山,云南,true
101290602,,西畴,文山,云南,-
101290603,,马关,文山,云南,-
101290604,,麻栗坡,文山,云南,-
101290605,,砚山,文山,云南,-
101290606,,丘北,文山,云南,-
101290607,,广南,文山,云南,-
101290608,,富宁,文山,云南,-
101290701,,城区,玉溪,云南,true
101290702,,澄江,玉溪,云南,-
101290703,,江川,玉溪,云南,-
101290704,,通海,玉溪,云南,-
101290705,,华宁,玉溪,云南,-
101290706,,新平,玉溪,云南,-
101290707,,易门,玉溪,云南,-
101290708,,峨山,玉溪,云南,-
101290709,,元江,玉溪,云南,-
101290710,,红塔,玉溪,云南,-
101290801,,城区,楚雄,云南,true
101290802,,大姚,楚雄,云南,-
101290803,,元谋,楚雄,云南,-
101290804,,姚安,楚雄,云南,-
101290805,,牟定,楚雄,云南,-
101290806,,南华,楚雄,云南,-
101290807,,武定,楚雄,云南,-
101290808,,禄丰,楚雄,云南,-
101290809,,双柏,楚雄,云南,-
101290810,,永仁,楚雄,云南,-
101290901,,城区,普洱,云南,true
101290902,,景谷,普洱,云南,-
101290903,,景东,普洱,云南,-
101290904,,澜沧,普洱,云南,-
101290905,,思茅,普洱,云南,-
101290906,,墨江,普洱,云南,-
101290907,,江城,普洱,云南,-
101290908,,孟连,普洱,云南,-
101290909,,西盟,普洱,云南,-
101290911,,镇沅,普洱,云南,-
101290912,,宁洱,普洱,云南,-
101291001,,城区,昭通,云南,true
101291002,,鲁甸,昭通,云南,-
101291003,,彝良,昭通,云南,-
101291004,,镇雄,昭通,云南,-
101291005,,威信,昭通,云南,-
101291006,,巧家,昭通,云南,-
101291007,,绥江,昭通,云南,-
101291008,,永善,昭通,云南,-
101291009,,盐津,昭通,云南,-
101291010,,大关,昭通,云南,-
101291011,,水富,昭通,云南,-
101291012,,昭阳,昭通,云南,-
101291101,,城区,临沧,云南,true
101291102,,沧源,临沧,云南,-
101291103,,耿马,临沧,云南,-
101291104,,双江,临沧,云南,-
101291105,,凤庆,临沧,云南,-
101291106,,永德,临沧,云南,-
101291107,,云县,临沧,云南,-
101291108,,镇康,临沧,云南,-
101291109,,临翔,临沧,云南,-
101291201,,城区,怒江,云南,true
101291203,,福贡,怒江,云南,-
101291204,,兰坪,怒江,云南,-
101291205,,泸水,怒江,云南,-
101291207,,贡山,怒江,云南,-
101291301,,城区,迪庆,云南,-
101291302,,德钦,迪庆,云南,-
101291303,,维西,迪庆,云南,-
101291305,,迪庆,迪庆,云南,-
101291401,,城区,丽江,云南,true
101291402,,永胜,丽江,云南,-
101291403,,华坪,丽江,云南,-
101291404,,宁蒗,丽江,云南,-
101291405,,古城,丽江,云南,-
101291406,,玉龙,丽江,云南,-
101291501,,城区,德宏,云南,true
101291503,,陇川,德宏,云南,-
101291504,,盈江,德宏,云南,-
101291506,,瑞丽,德宏,云南,-
101291507,,梁河,德宏,云南,-
101291508,,芒市,德宏,云南,-
101291601,,城区,西双版纳,云南,true
101291602,,西双版纳,西双版纳,云南,-
101291603,,勐海,西双版纳,云南,-
101291605,,勐腊,西双版纳,云南,-
101300101,,城区,南宁,广西,true
101300102,,兴宁,南宁,广西,-
101300103,,邕宁,南宁,广西,-
101300104,,横县,南宁,广西,-
101300105,,隆安,南宁,广西,-
101300106,,马山,南宁,广西,-
101300107,,上林,南宁,广西,-
101300108,,武鸣,南宁,广西,-
101300109,,宾阳,南宁,广西,-
101300110,,青秀,南宁,广西,-
101300111,,江南,南宁,广西,-
101300112,,西乡塘,南宁,广西,-
101300113,,良庆,南宁,广西,-
101300201,,城区,崇左,广西,true
101300202,,天等,崇左,广西,-
101300203,,龙州,崇左,广西,-
101300204,,凭祥,崇左,广西,-
101300205,,大新,崇左,广西,-
101300206,,扶绥,崇左,广西,-
101300207,,宁明,崇左,广西,-
101300208,,江州,崇左,广西,-
101300301,,城区,柳州,广西,true
101300302,,柳城,柳州,广西,-
101300303,,城中,柳州,广西,-
101300304,,鹿寨,柳州,广西,-
101300305,,柳江,柳州,广西,-
101300306,,融安,柳州,广西,-
101300307,,融水,柳州,广西,-
101300308,,三江,柳州,广西,-
101300309,,鱼峰,柳州,广西,-
101300310,,柳南,柳州,广西,-
101300311,,柳北,柳州,广西,-
101300401,,城区,来宾,广西,true
101300402,,忻城,来宾,广西,-
101300403,,金秀,来宾,广西,-
101300404,,象州,来宾,广西,-
101300405,,武宣,来宾,广西,-
101300406,,合山,来宾,广西,-
101300407,,兴宾,来宾,广西,-
101300501,,城区,桂林,广西,true
101300502,,秀峰,桂林,广西,-
101300503,,龙胜,桂林,广西,-
101300504,,永福,桂林,广西,-
101300505,,临桂,桂林,广西,-
101300506,,兴安,桂林,广西,-
101300507,,灵川,桂林,广西,-
101300508,,全州,桂林,广西,-
101300509,,灌阳,桂林,广西,-
101300510,,阳朔,桂林,广西,-
101300511,,恭城,桂林,广西,-
101300512,,平乐,桂林,广西,-
101300513,,荔浦,桂林,广西,-
101300514,,资源,桂林,广西,-
101300515,,叠彩,桂林,广西,-
101300516,,象山,桂林,广西,-
101300517,,七星,桂林,广西,-
101300518,,雁山,桂林,广西,-
101300601,,城区,梧州,广西,true
101300602,,藤县,梧州,广西,-
101300603,,万秀,梧州,广西,-
101300604,,苍梧,梧州,广西,-
101300605,,蒙山,梧州,广西,-
101300606,,岑溪,梧州,广西,-
101300607,,长洲,梧州,广西,-
101300608,,龙圩,梧州,广西,-
101300701,,城区,贺州,广西,true
101300702,,昭平,贺州,广西,-
101300703,,富川,贺州,广西,-
101300704,,钟山,贺州,广西,-
101300705,,八步,贺州,广西,-
101300706,,平桂,贺州,广西,-
101300801,,城区,贵港,广西,true
101300802,,桂平,贵港,广西,-
101300803,,平南,贵港,广西,-
101300804,,港北,贵港,广西,-
101300805,,港南,贵港,广西,-
101300806,,覃塘,贵港,广西,-
101300901,,城区,玉林,广西,true
101300902,,博白,玉林,广西,-
101300903,,北流,玉林,广西,-
101300904,,容县,玉林,广西,-
101300905,,陆川,玉林,广西,-
101300906,,兴业,玉林,广西,-
101300907,,玉州,玉林,广西,-
101300908,,福绵,玉林,广西,-
101301001,,城区,百色,广西,true
101301002,,那坡,百色,广西,-
101301003,,田阳,百色,广西,-
101301004,,德保,百色,广西,-
101301005,,靖西,百色,广西,-
101301006,,田东,百色,广西,-
101301007,,平果,百色,广西,-
101301008,,隆林,百色,广西,-
101301009,,西林,百色,广西,-
101301010,,乐业,百色,广西,-
101301011,,凌云,百色,广西,-
101301012,,田林,百色,广西,-
101301013,,右江,百色,广西,-
101301101,,城区,钦州,广西,true
101301102,,浦北,钦州,广西,-
101301103,,灵山,钦州,广西,-
101301104,,钦南,钦州,广西,-
101301105,,钦北,钦州,广西,-
101301201,,城区,河池,广西,true
101301202,,天峨,河池,广西,-
101301203,,东兰,河池,广西,-
101301204,,巴马,河池,广西,-
101301205,,环江,河池,广西,-
101301206,,罗城,河池,广西,-
101301207,,宜州,河池,广西,-
101301208,,凤山,河池,广西,-
101301209,,南丹,河池,广西,-
101301210,,都安,河池,广西,-
101301211,,大化,河池,广西,-
101301212,,金城江,河池,广西,-
101301301,,城区,北海,广西,true
101301302,,合浦,北海,广西,-
101301303,,涠洲岛,北海,广西,-
101301304,,海城,北海,广西,-
101301305,,银海,北海,广西,-
101301306,,铁山港,北海,广西,-
101301401,,城区,防城港,广西,true
101301402,,上思,防城港,广西,-
101301403,,东兴,防城港,广西,-
101301404,,港口,防城港,广西,-
101301405,,防城,防城港,广西,-
101310101,,城区,海口,海南,true
101310102,,秀英,海口,海南,-
101310103,,龙华,海口,海南,-
101310104,,琼山,海口,海南,-
101310105,,美兰,海口,海南,-
101310201,,城区,三亚,海南,true
101310202,,东方,三亚,海南,-
101310203,,临高,三亚,海南,-
101310204,,澄迈,三亚,海南,-
101310205,,儋州,三亚,海南,-
101310206,,昌江,三亚,海南,-
101310207,,白沙,三亚,海南,-
101310208,,琼中,三亚,海南,-
101310209,,定安,三亚,海南,-
101310210,,屯昌,三亚,海南,-
101310211,,琼海,三亚,海南,-
101310212,,文昌,三亚,海南,-
101310213,,海棠,三亚,海南,-
101310214,,保亭,三亚,海南,-
101310215,,万宁,三亚,海南,-
101310216,,陵水,三亚,海南,-
101310218,,吉阳,三亚,海南,-
101310219,,天涯,三亚,海南,-
101310221,,乐东,三亚,海南,-
101310222,,五指山,三亚,海南,-
101310223,,崖州,三亚,海南,-
101310301,,城区,三沙,海南,-
101310302,,西沙,三沙,海南,-
101310303,,中沙,三沙,海南,-
101310304,,南沙,三沙,海南,-
101310305,,黄岩岛,三沙,海南,-
101320101,,城区,香港,香港,-
101320102,,九龙,香港,香港,-
101320103,,新界,香港,香港,-
101330101,,城区,澳门,澳门,-
101330102,,胱械,澳门,澳门,-
101330103,,路环岛,澳门,澳门,-
101340101,,城区,台北,台湾,-
101340102,,桃园,台北,台湾,-
101340103,,新竹,台北,台湾,-
101340104,,宜兰,台北,台湾,-
101340201,,城区,高雄,台湾,-
101340202,,嘉义,高雄,台湾,-
101340203,,台南,高雄,台湾,-
101340204,,台东,高雄,台湾,-
101340205,,屏东,高雄,台湾,-
101340401,,城区,台中,台湾,-
101340402,,苗栗,台中,台湾,-
101340403,,彰化,台中,台湾,-
101340404,,南投,台中,台湾,-
101340405,,花莲,台中,台湾,-
101340406,,云林,台中,台湾,-
